1.277497374999999984e-02,1.000001845798679678e+00,1.000001845798250688e+00,1.000001845798009326e+00,1.000001845798492273e+00,2.440626468420098886e-05,3.040995011360791977e-09
1.295285343962447773e-02,1.000001898428743097e+00,1.000001897735851797e+00,1.000001897368786530e+00,1.000001897371934456e+00,2.630383884135947085e-05,2.557347222875705484e-09
1.313320993934658301e-02,1.000001951867122818e+00,1.000001951134177114e+00,1.000001950745931900e+00,1.000001950749125124e+00,2.704276765410354582e-05,2.298422785429465875e-09
1.331607773645528819e-02,1.000002006811278044e+00,1.000002006034425239e+00,1.000002005623924273e+00,1.000002005625346913e+00,2.780354770199911855e-05,2.242011687414446897e-09
1.350149179844317357e-02,1.000002063302311450e+00,1.000002062479550258e+00,1.000002062044798024e+00,1.000002062046260631e+00,2.858564611017259835e-05,2.264281429020797987e-09
1.368948757969278007e-02,1.000002121384213405e+00,1.000002120512857529e+00,1.000002120052403187e+00,1.000002120053964383e+00,2.938920884240516410e-05,2.293287559851364676e-09
1.388010102825613587e-02,1.000002181102878973e+00,1.000002180178999778e+00,1.000002179690510085e+00,1.000002179692713877e+00,3.021561633461222036e-05,2.286369982229530251e-09
1.407336859272863630e-02,1.000002242503407412e+00,1.000002241523807012e+00,1.000002241006107573e+00,1.000002241007928339e+00,3.106542994958913007e-05,2.286607792001404960e-09
1.426932722921862504e-02,1.000002305633062027e+00,1.000002304594429292e+00,1.000002304045763069e+00,1.000002304047219681e+00,3.193919612589585862e-05,2.294338719011079775e-09
1.446801440841408506e-02,1.000002370540433283e+00,1.000002369439338512e+00,1.000002368857972668e+00,1.000002368858912583e+00,3.283759066339404754e-05,2.309918034626434746e-09
1.466946812274763645e-02,1.000002437276238387e+00,1.000002436108527792e+00,1.000002435491449182e+00,1.000002435493515529e+00,3.376028343626836099e-05,2.323117698210808157e-09
1.487372689366139866e-02,1.000002505892657156e+00,1.000002504653400237e+00,1.000002503999233294e+00,1.000002503999975811e+00,3.470963568933462277e-05,2.322789072195519111e-09
1.508082977897289879e-02,1.000002576441690882e+00,1.000002575126458071e+00,1.000002574432074853e+00,1.000002574433077829e+00,3.568574368950221424e-05,2.320309278047716361e-09
1.529081638034366329e-02,1.000002648977652120e+00,1.000002647581855753e+00,1.000002646844424081e+00,1.000002646846512855e+00,3.668936252230192572e-05,2.315571734357035893e-09
1.550372685085170919e-02,1.000002723556383311e+00,1.000002722075267192e+00,1.000002721293459018e+00,1.000002721294275032e+00,3.772070814691281783e-05,2.308436775066979862e-09
1.571960190266949789e-02,1.000002800237800527e+00,1.000002798664331616e+00,1.000002797833933643e+00,1.000002797834484758e+00,3.878068137638751394e-05,2.282990907431781125e-09
1.593848281484884846e-02,1.000002879079416651e+00,1.000002877407649260e+00,1.000002876525122097e+00,1.000002876526219220e+00,3.987103776701419821e-05,2.248436103968742827e-09
1.616041144121415155e-02,1.000002960141945563e+00,1.000002958365720618e+00,1.000002957427984285e+00,1.000002957429293460e+00,4.099212078178227049e-05,2.204304960784497780e-09
1.638543021836560976e-02,1.000003043487806220e+00,1.000003041600743048e+00,1.000003040605000226e+00,1.000003040605390803e+00,4.214428160128780857e-05,2.150103428633087788e-09
1.661358217379381094e-02,1.000003129190722539e+00,1.000003127178296758e+00,1.000003126116063568e+00,1.000003126117171792e+00,4.332359250008270009e-05,2.076433913700270750e-09
1.684491093410732387e-02,1.000003217310718728e+00,1.000003215163099535e+00,1.000003214029787868e+00,1.000003214030421805e+00,4.454114583609339740e-05,1.988333941937980853e-09
1.707946073337489670e-02,1.000003307913986950e+00,1.000003305622454208e+00,1.000003304413303873e+00,1.000003304413790817e+00,4.579300284290557826e-05,1.886778511206443909e-09
1.731727642158373617e-02,1.000003401070333364e+00,1.000003398625852302e+00,1.000003397335888167e+00,1.000003397336654221e+00,4.708013102595893899e-05,1.771131241667944778e-09
1.755840347321565437e-02,1.000003496851523677e+00,1.000003494244735558e+00,1.000003492869221189e+00,1.000003492869875998e+00,4.840352492924620631e-05,1.640739100139398943e-09
1.780288799594251237e-02,1.000003595331338424e+00,1.000003592552550780e+00,1.000003591086706889e+00,1.000003591086593646e+00,4.976420831538560510e-05,1.494930401690908184e-09
1.805077673944286906e-02,1.000003696585630264e+00,1.000003693624804901e+00,1.000003692062702232e+00,1.000003692063103689e+00,5.116323174601624161e-05,1.333021693028513255e-09
1.830211710434130265e-02,1.000003800692380151e+00,1.000003797539124717e+00,1.000003795875601398e+00,1.000003795875891832e+00,5.260167736297341674e-05,1.154318640672613583e-09
1.855695715127220202e-02,1.000003907731759512e+00,1.000003904375314390e+00,1.000003902604723605e+00,1.000003902604861938e+00,5.408065720774679158e-05,9.581204718500657691e-10
1.881534561006986336e-02,1.000004017786189525e+00,1.000004014215417847e+00,1.000004012331830339e+00,1.000004012331944692e+00,5.560131381951234668e-05,7.437204185833934389e-10
1.907733188908639771e-02,1.000004130940405744e+00,1.000004127143780730e+00,1.000004125140982358e+00,1.000004125141361833e+00,5.716482384360642270e-05,5.104066058692069419e-10
1.934296608463954154e-02,1.000004247285617209e+00,1.000004243247800462e+00,1.000004241117864900e+00,1.000004241118200410e+00,5.876287913346680734e-05,2.540112564730634404e-10
1.961229899059189694e-02,1.000004366923205490e+00,1.000004362618600151e+00,1.000004360348016652e+00,1.000004360348335730e+00,6.041387890241060697e-05,-3.603806142393750633e-11
1.988538210806357551e-02,1.000004489932991403e+00,1.000004485345777239e+00,1.000004482926299954e+00,1.000004482926429850e+00,6.211138604288987718e-05,-3.499983636245929119e-10
2.016226765528018189e-02,1.000004616409779112e+00,1.000004611523573894e+00,1.000004608946404749e+00,1.000004608946688522e+00,6.385671133341665553e-05,-6.886504699821216491e-10
2.044300857755775719e-02,1.000004746451035098e+00,1.000004741248877504e+00,1.000004738505203328e+00,1.000004738505405388e+00,6.565120309314641147e-05,-1.052797071743327706e-09
2.072765855742690969e-02,1.000004880156962095e+00,1.000004874621293949e+00,1.000004871701905662e+00,1.000004871701956510e+00,6.749624938785531592e-05,-1.443245412069416034e-09
2.101627202489781548e-02,1.000005017630576143e+00,1.000005011743223093e+00,1.000005008638445103e+00,1.000005008638562787e+00,6.939327318613826637e-05,-1.860824161425966849e-09
2.130890416786815345e-02,1.000005158977785635e+00,1.000005152719938950e+00,1.000005149419870509e+00,1.000005149420056805e+00,7.134374215623483500e-05,-2.306385860073589811e-09
2.160561094267606300e-02,1.000005304307472809e+00,1.000005297659668502e+00,1.000005294154191038e+00,1.000005294154197921e+00,7.334916334631303000e-05,-2.780800034685171340e-09
2.190644908479986649e-02,1.000005453731575900e+00,1.000005446673675857e+00,1.000005442952059731e+00,1.000005442952153434e+00,7.541108539878803047e-05,-3.284972072137293253e-09
2.221147611970697780e-02,1.000005607292183019e+00,1.000005599878244222e+00,1.000005595969052363e+00,1.000005595969172267e+00,7.750225989623340432e-05,-3.744561993812567380e-09
2.252075037385367628e-02,1.000005765309406991e+00,1.000005757385722172e+00,1.000005753207930281e+00,1.000005753208070169e+00,7.968135898625205928e-05,-4.368665429410611978e-09
2.283433098583820958e-02,1.000005927777670722e+00,1.000005919320311243e+00,1.000005914861402667e+00,1.000005914861422207e+00,8.192150556908520316e-05,-5.026985272493789125e-09
2.315227791770909163e-02,1.000006094822760039e+00,1.000006085806278477e+00,1.000006081052777329e+00,1.000006081052857931e+00,8.422440047946660427e-05,-5.721333407038287078e-09
2.347465196643084770e-02,1.000006266574030800e+00,1.000006256971375906e+00,1.000006251909119293e+00,1.000006251909132615e+00,8.659179317387237832e-05,-6.453618528468041404e-09
2.380151477550951702e-02,1.000006443164511705e+00,1.000006432946939805e+00,1.000006427560816702e+00,1.000006427560750755e+00,8.902548034183033936e-05,-7.225851028636043338e-09
2.413292884677992883e-02,1.000006624731007765e+00,1.000006613867989058e+00,1.000006608141891906e+00,1.000006608141853048e+00,9.152730867439238150e-05,-8.040163201883387956e-09
2.446895755235710401e-02,1.000006811414209107e+00,1.000006799873329744e+00,1.000006793790197746e+00,1.000006793790217952e+00,9.409917646926812098e-05,-8.898795589296071284e-09
2.480966514675413473e-02,1.000007003358801771e+00,1.000006991105660603e+00,1.000006984647430874e+00,1.000006984647461072e+00,9.674303333866885346e-05,-9.804108636046748870e-09
2.515511677916877978e-02,1.000007200858060052e+00,1.000007187636948069e+00,1.000007180672422891e+00,1.000007180672408014e+00,9.925348836391066501e-05,-1.077995814835475130e-08
2.550537850594110367e-02,1.000007404342154516e+00,1.000007389474447450e+00,1.000007381656196070e+00,1.000007381656208727e+00,1.019225685412939906e-04,-1.186928222374206143e-08
2.586051730318454644e-02,1.000007613405785811e+00,1.000007597072893439e+00,1.000007588484992382e+00,1.000007588485022580e+00,1.049557279948302990e-04,-1.305060159939586129e-08
2.622060107959299502e-02,1.000007828096145968e+00,1.000007810651810436e+00,1.000007801466959334e+00,1.000007801466974433e+00,1.080705267812302501e-04,-1.433273133510937214e-08
2.658569868942607314e-02,1.000008048651377823e+00,1.000008030334049058e+00,1.000008020673023967e+00,1.000008020673015086e+00,1.111153293948412057e-04,-1.571517915799347520e-08
2.695587994567522072e-02,1.000008275490680054e+00,1.000008256152569386e+00,1.000008245949514540e+00,1.000008245949540076e+00,1.141369893739817412e-04,-1.717929443145749246e-08
2.733121563341324792e-02,1.000008508944491226e+00,1.000008488197908774e+00,1.000008477267604778e+00,1.000008477267647855e+00,1.172653880403478970e-04,-1.871001376052561227e-08
2.771177752332954630e-02,1.000008749074245529e+00,1.000008726718413010e+00,1.000008714956380329e+00,1.000008714956395650e+00,1.205210016173449911e-04,-2.031323842466292717e-08
2.809763838545402057e-02,1.000008996019575713e+00,1.000008971923451506e+00,1.000008959256645014e+00,1.000008959256660113e+00,1.239254308631633614e-04,-2.199729609575484801e-08
2.848887200307184675e-02,1.000009249881439466e+00,1.000009224052451851e+00,1.000009210471214161e+00,1.000009210471207055e+00,1.274169340285597786e-04,-2.377629193528463247e-08
2.888555318683222808e-02,1.000009510873755003e+00,1.000009483284614475e+00,1.000009468773313648e+00,1.000009468773339183e+00,1.310090964021538840e-04,-2.566443824125741457e-08
2.928775778905343477e-02,1.000009779200258464e+00,1.000009749819094074e+00,1.000009734355938873e+00,1.000009734355927327e+00,1.346894522525820474e-04,-2.766016216071420786e-08
2.969556271822705595e-02,1.000010055181954183e+00,1.000010023796565672e+00,1.000010007278301138e+00,1.000010007278313351e+00,1.384099468795573287e-04,-2.976546242816624499e-08
3.010904595372429840e-02,1.000010339013278848e+00,1.000010305437665892e+00,1.000010287772608031e+00,1.000010287772613582e+00,1.422659872772096456e-04,-3.198454701092146024e-08
3.052828656070696867e-02,1.000010630898918063e+00,1.000010594969910960e+00,1.000010576072580148e+00,1.000010576072589030e+00,1.462363203817410484e-04,-3.432468997921489517e-08
3.095336470524607392e-02,1.000010931066145137e+00,1.000010892614393354e+00,1.000010872396145611e+00,1.000010872396141393e+00,1.503152221575962063e-04,-3.679010285306816286e-08
3.138436166965097307e-02,1.000011239754852621e+00,1.000011198599368045e+00,1.000011176963544912e+00,1.000011176963547799e+00,1.545046846149236404e-04,-3.939357262616738353e-08
3.182135986801203076e-02,1.000011557203712931e+00,1.000011513157933463e+00,1.000011490005798365e+00,1.000011490005791481e+00,1.588143464133009455e-04,-4.213694615451402115e-08
3.226444286195954275e-02,1.000011883658732170e+00,1.000011836529969056e+00,1.000011811760087355e+00,1.000011811760084912e+00,1.632449376722569490e-04,-4.502322126231916855e-08
3.271369537664216287e-02,1.000012219373913158e+00,1.000012168962506109e+00,1.000012142469784093e+00,1.000012142469790977e+00,1.677998590912896132e-04,-4.805734588053667267e-08
3.316920331692788798e-02,1.000012564628028455e+00,1.000012510702297464e+00,1.000012482365838062e+00,1.000012482365833399e+00,1.724589780661829293e-04,-5.124913782239559623e-08
3.363105378383052235e-02,1.000012919708952008e+00,1.000012862002497727e+00,1.000012831684255810e+00,1.000012831684247150e+00,1.772633000373398219e-04,-5.460903107490366892e-08
3.409933509116485489e-02,1.000013284874966768e+00,1.000013223138755736e+00,1.000013190708800348e+00,1.000013190708785471e+00,1.822023374049940416e-04,-5.813769154983106091e-08
3.457413678243389382e-02,1.000013660410659977e+00,1.000013594386668148e+00,1.000013559710382083e+00,1.000013559710373645e+00,1.872798779775512778e-04,-6.184091050354112440e-08
3.505554964795101064e-02,1.000014046569679627e+00,1.000013976046117303e+00,1.000013939012214692e+00,1.000013939012209141e+00,1.924433883567700963e-04,-6.571898170104617520e-08
3.554366574220076125e-02,1.000014443841733769e+00,1.000014368328032699e+00,1.000014328683745513e+00,1.000014328683727971e+00,1.978060320435756343e-04,-6.980555178337510824e-08
3.603857840144115282e-02,1.000014852396921672e+00,1.000014771591032359e+00,1.000014729179047990e+00,1.000014729179023787e+00,2.033153008640145565e-04,-7.408668445396671132e-08
3.654038226155128383e-02,1.000015272560986990e+00,1.000015186139631806e+00,1.000015140791741031e+00,1.000015140791716384e+00,2.089751054281177036e-04,-7.857003969657938569e-08
3.704917327612731320e-02,1.000015704688173690e+00,1.000015612277957100e+00,1.000015563800239038e+00,1.000015563800209506e+00,2.147620908656153941e-04,-8.326415701365164068e-08
3.756504873483038076e-02,1.000016149153416078e+00,1.000016050313714322e+00,1.000015998477752799e+00,1.000015998477715051e+00,2.207186508242407828e-04,-8.817822194640001499e-08
3.808810728199021889e-02,1.000016606298263833e+00,1.000016500583553070e+00,1.000016445158427247e+00,1.000016445158384171e+00,2.268345324971621452e-04,-9.332035788567338841e-08
3.861844893546752255e-02,1.000017076495593793e+00,1.000016963423536520e+00,1.000016904159456654e+00,1.000016904159398035e+00,2.331137977044303860e-04,-9.869966366427007642e-08
3.915617510577920624e-02,1.000017560129585092e+00,1.000017439178785050e+00,1.000017375805935860e+00,1.000017375805862363e+00,2.395606034179320663e-04,-1.043256031563188913e-07
3.970138861548974663e-02,1.000018057611919975e+00,1.000017928194114392e+00,1.000017860408710879e+00,1.000017860408624504e+00,2.461634177710696723e-04,-1.102018603038601441e-07
4.025419371887275360e-02,1.000018569357651321e+00,1.000018430829122229e+00,1.000018358299108900e+00,1.000018358298996768e+00,2.529487922152828675e-04,-1.163358580580364787e-07
4.081469612184613488e-02,1.000019095783906131e+00,1.000018947459453633e+00,1.000018869831461599e+00,1.000018869831323931e+00,2.599127109034000591e-04,-1.227394151870342398e-07
4.138300300218482330e-02,1.000019637327827171e+00,1.000019478466420919e+00,1.000019395358567431e+00,1.000019395358397789e+00,2.670595743758267865e-04,-1.294219631464699205e-07
4.195922303001520248e-02,1.000020194437783339e+00,1.000020024242333383e+00,1.000019935244208513e+00,1.000019935244000235e+00,2.744016486604575048e-04,-1.363922617070301158e-07
4.254346638859458213e-02,1.000020767559398394e+00,1.000020585196299994e+00,1.000020489879695162e+00,1.000020489879434260e+00,2.819360253030281111e-04,-1.436521623876529929e-07
4.313584479538017796e-02,1.000021357178271897e+00,1.000021161738225528e+00,1.000021059635991527e+00,1.000021059635674225e+00,2.896675621665953555e-04,-1.512149501170512167e-07
4.373647152339139171e-02,1.000021963784867962e+00,1.000021754292770515e+00,1.000021644904330431e+00,1.000021644903940077e+00,2.976024299828015896e-04,-1.590899245673682572e-07
4.434546142286970027e-02,1.000022587884720870e+00,1.000022363295885564e+00,1.000022246085318978e+00,1.000022246084839583e+00,3.057527124023664373e-04,-1.672866386526195015e-07
4.496293094323990103e-02,1.000023229942294867e+00,1.000022989223074088e+00,1.000022863660736228e+00,1.000022863660146255e+00,3.141441671205133707e-04,-1.758151914055261500e-07
4.558899815537724443e-02,1.000023890504990298e+00,1.000023632528667550e+00,1.000023498037543757e+00,1.000023498036821668e+00,3.227445864207222829e-04,-1.846855860465623778e-07
4.622378277418471432e-02,1.000024570119729006e+00,1.000024293687591603e+00,1.000024149654217043e+00,1.000024149653331307e+00,3.315748081224438072e-04,-1.939081883950422025e-07
4.686740618148458465e-02,1.000025269346014545e+00,1.000024973189487909e+00,1.000024818965093321e+00,1.000024818964011741e+00,3.406484531172579433e-04,-2.034936515959984149e-07
4.751999144922861018e-02,1.000025988701903179e+00,1.000025671567238206e+00,1.000025506510243911e+00,1.000025506508922968e+00,3.499914810948790670e-04,-2.134568761746891141e-07
4.818166336303167374e-02,1.000026728790504915e+00,1.000026389332378418e+00,1.000026212755021460e+00,1.000026212753404309e+00,3.595738395703973293e-04,-2.238084417793828607e-07
4.885254844603290764e-02,1.000027490214958403e+00,1.000027127019555540e+00,1.000026938199469084e+00,1.000026938197498882e+00,3.694167826413571193e-04,-2.345604321885019772e-07
4.953277498308901461e-02,1.000028273591717198e+00,1.000027885180343690e+00,1.000027683362223252e+00,1.000027683359826502e+00,3.795304566250696718e-04,-2.457253732712771921e-07
5.022247304530466638e-02,1.000029079548247823e+00,1.000028664385190114e+00,1.000028448783544688e+00,1.000028448780625467e+00,3.899193053746407948e-04,-2.573151284268604400e-07
5.092177451490434437e-02,1.000029908740489804e+00,1.000029465214852031e+00,1.000029235006592021e+00,1.000029235003041084e+00,4.005906410677169622e-04,-2.693433971412417804e-07
5.163081311045049360e-02,1.000030761839816318e+00,1.000030288268025203e+00,1.000030042593103019e+00,1.000030042588792245e+00,4.115524958428268460e-04,-2.818237296864367636e-07
5.234972441241275004e-02,1.000031639579918474e+00,1.000031134136962097e+00,1.000030872063560672e+00,1.000030872058328413e+00,4.227634370138373264e-04,-2.947646629003486396e-07
5.307864588909341763e-02,1.000032542715411754e+00,1.000032003430428418e+00,1.000031723952739648e+00,1.000031723946390283e+00,4.342918849323372131e-04,-3.081750215017109440e-07
5.381771692291371229e-02,1.000033471974264732e+00,1.000032896799993409e+00,1.000032598873405787e+00,1.000032598865711497e+00,4.461246650317458721e-04,-3.220700280914812197e-07
5.456707883706606727e-02,1.000034428427800659e+00,1.000033814685033606e+00,1.000033497064530374e+00,1.000033497055168752e+00,4.569499416836581940e-04,-3.364501107716577621e-07
5.532687492253759304e-02,1.000035416227834206e+00,1.000034755641866058e+00,1.000034414939568794e+00,1.000034414927551518e+00,4.691728322664677248e-04,-3.511504902409257056e-07
5.609725046550988886e-02,1.000036431030987272e+00,1.000035724154306083e+00,1.000035359321194806e+00,1.000035359306459037e+00,4.822805730074536845e-04,-3.663416822119458516e-07
5.687835277514020210e-02,1.000037475330655123e+00,1.000036719089177017e+00,1.000036329191220652e+00,1.000036329173366267e+00,4.952120725464006102e-04,-3.820589413727759620e-07
5.767033121172942395e-02,1.000038550247259295e+00,1.000037741378615452e+00,1.000037324715776332e+00,1.000037324694177832e+00,5.084720899561454444e-04,-3.983011251929013952e-07
5.847333721528250733e-02,1.000039656737727878e+00,1.000038791686669981e+00,1.000038346517785559e+00,1.000038346491692653e+00,5.220512503429096439e-04,-4.150720339657354430e-07
5.928752433446637243e-02,1.000040795835597240e+00,1.000039870725871083e+00,1.000039395146825383e+00,1.000039395115314589e+00,5.359328558483240999e-04,-4.323719809962156546e-07
6.011304825597100360e-02,1.000041968488476041e+00,1.000040979286767939e+00,1.000040471314961543e+00,1.000040471276977039e+00,5.501774645387295330e-04,-4.502155670493834805e-07
6.095006683427945521e-02,1.000043175807708851e+00,1.000042118107119071e+00,1.000041575581452236e+00,1.000041575535687066e+00,5.647772251709442040e-04,-4.686051098268251280e-07
6.179874012185258836e-02,1.000044418773600841e+00,1.000043288031427613e+00,1.000042708726780916e+00,1.000042708671759151e+00,5.796548429614609187e-04,-4.875583594632360018e-07
6.265923039973352038e-02,1.000045698645828596e+00,1.000044489787988100e+00,1.000043871236625748e+00,1.000043871170470222e+00,5.950335768399725098e-04,-5.070712272292610123e-07
6.353170220857876083e-02,1.000047016464358673e+00,1.000045724262950797e+00,1.000045063932114342e+00,1.000045063852685878e+00,6.106702550509896660e-04,-5.271633349845927796e-07
6.441632238012130751e-02,1.000048373486054798e+00,1.000046992264393753e+00,1.000046287421109792e+00,1.000046287325820460e+00,6.266952409292802454e-04,-5.478378393153349180e-07
6.531326006907166304e-02,1.000049770961390250e+00,1.000048294648958169e+00,1.000047542380025467e+00,1.000047542265819267e+00,6.431042398025700818e-04,-5.691009939967628384e-07
6.622268678546307241e-02,1.000051210128318990e+00,1.000049632329752081e+00,1.000048829561478447e+00,1.000048829424729391e+00,6.598901648490775301e-04,-5.909621946242893387e-07
6.714477642744741404e-02,1.000052692358021744e+00,1.000051006182174351e+00,1.000050149618943784e+00,1.000050149455372850e+00,6.770517843330457969e-04,-6.134243061284294640e-07
6.807970531454744789e-02,1.000054219001947464e+00,1.000052417138513672e+00,1.000051503297323618e+00,1.000051503101868411e+00,6.946419403631776991e-04,-6.364958944349297099e-07
6.902765222137202672e-02,1.000055791456355481e+00,1.000053866153066240e+00,1.000052891353905071e+00,1.000052891120601029e+00,7.126240027625947585e-04,-6.601852501342264645e-07
6.998879841180109806e-02,1.000057411193553847e+00,1.000055354184389511e+00,1.000054314521654275e+00,1.000054314243492559e+00,7.310203763886532948e-04,-6.844977457065581916e-07
7.096332767364643690e-02,1.000059079720288180e+00,1.000056882216212584e+00,1.000055773564858086e+00,1.000055773233576195e+00,7.498387739048714608e-04,-7.094408941421548320e-07
7.195142635379507545e-02,1.000060798595310052e+00,1.000058451256407466e+00,1.000057269256339643e+00,1.000057268862264204e+00,7.690828038205080189e-04,-7.350211467249678776e-07
7.295328339384192506e-02,1.000062569463138651e+00,1.000060062309477749e+00,1.000058802340350717e+00,1.000058801872067082e+00,7.887379860806112289e-04,-7.612431568437827423e-07
7.396909036621890365e-02,1.000064394005293122e+00,1.000061716415713509e+00,1.000060373592963847e+00,1.000060373037129358e+00,8.088335557914722116e-04,-7.881120166475241717e-07
7.499904151082678605e-02,1.000066273963541086e+00,1.000063414632792025e+00,1.000061983797301934e+00,1.000061983138325061e+00,8.293635542187637174e-04,-8.156327762076642784e-07
7.604333377217718792e-02,1.000068211167765453e+00,1.000065158025582379e+00,1.000063633708947464e+00,1.000063632928518853e+00,8.503234077193406537e-04,-8.438078792361025648e-07
7.710216683705174712e-02,1.000070207498206631e+00,1.000066947680209761e+00,1.000065324109658871e+00,1.000065323186386523e+00,8.717264312634511337e-04,-8.726414861826015112e-07
7.817574317268607964e-02,1.000072264905683017e+00,1.000068784703162850e+00,1.000067055780511360e+00,1.000067054689430135e+00,8.935881995369854150e-04,-9.021365677819304096e-07
7.926426806548442228e-02,1.000074385371533481e+00,1.000070670275292617e+00,1.000068829542027471e+00,1.000068828254189413e+00,9.159070377814048335e-04,-9.322925850208108045e-07
8.036794966027435705e-02,1.000076570988433611e+00,1.000072605545735627e+00,1.000070646181698386e+00,1.000070644663407116e+00,9.386864535760145204e-04,-9.631109270102911069e-07
8.148699900010764052e-02,1.000078823900177660e+00,1.000074591708504768e+00,1.000072506515448101e+00,1.000072504727655520e+00,9.619466116578759144e-04,-9.945917198717069141e-07
8.262163006661527032e-02,1.000081146312340685e+00,1.000076629988050358e+00,1.000074411381569384e+00,1.000074409279159138e+00,9.856835726714582163e-04,-1.026734884113089663e-06
8.377205982092436609e-02,1.000083540520341874e+00,1.000078721627716272e+00,1.000076361605597208e+00,1.000076359136403026e+00,1.009905787732924424e-03,-1.059538595526987592e-06
8.493850824514510844e-02,1.000086008913098068e+00,1.000080867832633835e+00,1.000078358027611136e+00,1.000078355131607033e+00,1.034605104004351862e-03,-1.093002344854099306e-06
8.612119838443504927e-02,1.000088553950997605e+00,1.000083069858557216e+00,1.000080401496188820e+00,1.000080398104301160e+00,1.059800455407930182e-03,-1.127124000133150616e-06
8.732035638964907864e-02,1.000091178192982877e+00,1.000085328968787435e+00,1.000082492851634086e+00,1.000082488884435516e+00,1.085470575406726444e-03,-1.161900735513476945e-06
8.853621156058351371e-02,1.000093884321964444e+00,1.000087646418264864e+00,1.000084632898368353e+00,1.000084628264514164e+00,1.111628568075710742e-03,-1.197328958202348304e-06
8.976899638982227536e-02,1.000096675094277909e+00,1.000090023480574075e+00,1.000086822474961057e+00,1.000086817069723910e+00,1.138262508570661189e-03,-1.233404688938399829e-06
9.101894660719338226e-02,1.000099553440264799e+00,1.000092461502162022e+00,1.000089062274332585e+00,1.000089055976992158e+00,1.165341661265278505e-03,-1.270123433649850142e-06
9.228630122484449139e-02,1.000102522376481451e+00,1.000094961798287274e+00,1.000091353037393604e+00,1.000091345709516411e+00,1.192881673071424353e-03,-1.307479896461849478e-06
9.357130258294638070e-02,1.000105584995913732e+00,1.000097525726980852e+00,1.000093695536171223e+00,1.000093687019660171e+00,1.220964629913303540e-03,-1.345468131463967154e-06
9.487419639603252020e-02,1.000108744324252452e+00,1.000100154711043077e+00,1.000096090792157444e+00,1.000096080908477569e+00,1.249570007299444880e-03,-1.384080518529451354e-06
9.619523179998380746e-02,1.000112003698489627e+00,1.000102850091207252e+00,1.000098539563205602e+00,1.000098528108975815e+00,1.278656029066799508e-03,-1.423306803749468941e-06
9.753466139966771031e-02,1.000115366500109237e+00,1.000105613280263039e+00,1.000101042688948949e+00,1.000101029433190902e+00,1.308267087674715038e-03,-1.463140841373444800e-06
9.889274131724105910e-02,1.000118836240343700e+00,1.000108445686176406e+00,1.000103601000958520e+00,1.000103585681853424e+00,1.338367144320296845e-03,-1.503575344452556806e-06
1.002697312411244268e-01,1.000122416578069329e+00,1.000111348714381343e+00,1.000106215299307877e+00,1.000106197620435289e+00,1.368953012966850694e-03,-1.544601100911258129e-06
1.016658944756595184e-01,1.000126111358998093e+00,1.000114323739275779e+00,1.000108886310483447e+00,1.000108865936857327e+00,1.399985327582504600e-03,-1.586206082815344587e-06
1.030814979914573687e-01,1.000129924535450021e+00,1.000117372168077834e+00,1.000111614787274394e+00,1.000111591341148243e+00,1.431518930393586506e-03,-1.628377452322915531e-06
1.045168124764477291e-01,1.000133860194994506e+00,1.000120495420174338e+00,1.000114401480444393e+00,1.000114374536475781e+00,1.463532329411156149e-03,-1.671101873657043768e-06
1.059721123876393167e-01,1.000137922540575985e+00,1.000123694937968821e+00,1.000117247169936663e+00,1.000117216250376195e+00,1.496027089357986539e-03,-1.714367186989029790e-06
1.074476760036008338e-01,1.000142115936944354e+00,1.000126972129722125e+00,1.000120152626019498e+00,1.000120117196112934e+00,1.528999604265040635e-03,-1.758160220632909443e-06
1.089437854776725140e-01,1.000146444917982880e+00,1.000130328441869221e+00,1.000123118573186476e+00,1.000123078032649770e+00,1.562439779203944742e-03,-1.802463915012708640e-06
1.104607268919187840e-01,1.000150914175662376e+00,1.000133765279965337e+00,1.000126145747092021e+00,1.000126099425768800e+00,1.596343788612905731e-03,-1.847262969811858113e-06
1.119987903118321582e-01,1.000155528572690189e+00,1.000137284041932695e+00,1.000129234868200490e+00,1.000129182018861806e+00,1.630701140817577893e-03,-1.892540879566695367e-06
1.135582698417987590e-01,1.000160293148330659e+00,1.000140886149623487e+00,1.000132386626659375e+00,1.000132326415171580e+00,1.665511179204253161e-03,-1.938277546575939425e-06
1.151394636813361100e-01,1.000165213107375495e+00,1.000144572958711731e+00,1.000135601742370151e+00,1.000135533245011921e+00,1.700758052751311263e-03,-1.984457946413442642e-06
1.167426741821142311e-01,1.000170293864591997e+00,1.000148345866860078e+00,1.000138880863356450e+00,1.000138803051434433e+00,1.736439370235764784e-03,-2.031058761398085721e-06
1.183682079057702952e-01,1.000175540996112611e+00,1.000152206186885051e+00,1.000142224695923732e+00,1.000142136435107076e+00,1.772540491293148491e-03,-2.078063959132236960e-06
1.200163756825286671e-01,1.000180960304864808e+00,1.000156155256154200e+00,1.000145633871247108e+00,1.000145533905307360e+00,1.809049311402874480e-03,-2.125450310308529822e-06
1.216874926706369847e-01,1.000186557776976182e+00,1.000160194357515131e+00,1.000149109049651264e+00,1.000148995995187251e+00,1.845975443518519353e-03,-2.173197480193067577e-06
1.233818784166298838e-01,1.000192339609724979e+00,1.000164324739218680e+00,1.000152650879257310e+00,1.000152523215786848e+00,1.883279902530303170e-03,-2.221284526426892114e-06
1.250998569164318841e-01,1.000198312237841725e+00,1.000168547625020388e+00,1.000156259961439753e+00,1.000156116017510310e+00,1.920959625538036161e-03,-2.269687484401927691e-06
1.268417566773109573e-01,1.000204482297621711e+00,1.000172864180240762e+00,1.000159936926156679e+00,1.000159774872705798e+00,1.959015882958005904e-03,-2.318383406696433724e-06
1.286079107806948341e-01,1.000210856652166802e+00,1.000177275510270469e+00,1.000163682403592214e+00,1.000163500244883208e+00,1.997423218188909555e-03,-2.367349847376409855e-06
1.303986569458618627e-01,1.000217442408423585e+00,1.000181782649063988e+00,1.000167497012044437e+00,1.000167292576186862e+00,2.036172948610377471e-03,-2.416565813789794959e-06
1.322143375945190880e-01,1.000224246913952175e+00,1.000186386610962819e+00,1.000171381351291799e+00,1.000171152276082776e+00,2.075248878498024783e-03,-2.466005617818289863e-06
1.340552999162787362e-01,1.000231277765125437e+00,1.000191088314369869e+00,1.000175336030283191e+00,1.000175079756519647e+00,2.114638838220308983e-03,-2.515645966538748723e-06
1.359218959350474154e-01,1.000238542815267362e+00,1.000195888583179205e+00,1.000179361663644961e+00,1.000179075428489828e+00,2.154325709856921411e-03,-2.565465216153306471e-06
1.378144825763386316e-01,1.000246050187614921e+00,1.000200788233265081e+00,1.000183458827817784e+00,1.000183139645898889e+00,2.194292062460711113e-03,-2.615434026465024431e-06
1.397334217355237218e-01,1.000253808275974876e+00,1.000205787927899825e+00,1.000187628127359840e+00,1.000187272791915216e+00,2.234521694213003219e-03,-2.665529170498004419e-06
1.416790803470321658e-01,1.000261825755711653e+00,1.000210888248989516e+00,1.000191870161071028e+00,1.000191475234337490e+00,2.274998856105043925e-03,-2.715724928936680271e-06
1.436518304545156277e-01,1.000270111588587918e+00,1.000216089665858954e+00,1.000196185538728910e+00,1.000195747345440145e+00,2.315702748364378491e-03,-2.765994338793653640e-06
1.456520492819897705e-01,1.000278675038893672e+00,1.000221392538000575e+00,1.000200574862085245e+00,1.000200089488195054e+00,2.356614593582352472e-03,-2.816311469033827564e-06
1.476801193059652517e-01,1.000287525673297040e+00,1.000226796991575240e+00,1.000205038796408541e+00,1.000204502091840864e+00,2.397716985336023534e-03,-2.866651251820506729e-06
1.497364283285846920e-01,1.000296673374664547e+00,1.000232303033455672e+00,1.000209578003648181e+00,1.000208985584864596e+00,2.438986949346739000e-03,-2.916988526724395570e-06
1.518213695517763306e-01,1.000306128343766865e+00,1.000237910564644395e+00,1.000214193143762254e+00,1.000213540398439571e+00,2.480414010671413202e-03,-2.967298266209894564e-06
1.539353416524416873e-01,1.000315901100632843e+00,1.000243619397640948e+00,1.000218884874956693e+00,1.000218166968736222e+00,2.521972151301672509e-03,-3.017555776585467697e-06
1.560787488586893590e-01,1.000326002513746149e+00,1.000249429097600506e+00,1.000223653894113163e+00,1.000222865789331728e+00,2.563645295837826705e-03,-3.067737587514329789e-06
1.582520010271299959e-01,1.000336443786591811e+00,1.000255339160635026e+00,1.000228500888063143e+00,1.000227637349475396e+00,2.605414427629204090e-03,-3.117818969999852641e-06
1.604555137212487770e-01,1.000347236481458513e+00,1.000261348870908451e+00,1.000233426567852968e+00,1.000232482194178818e+00,2.647258677957248056e-03,-3.167777614665467922e-06
1.626897082908674574e-01,1.000358392528336804e+00,1.000267457360219048e+00,1.000238431646801152e+00,1.000237400886503591e+00,2.689153922411131967e-03,-3.217589587434233067e-06
1.649550119527145586e-01,1.000369924226613749e+00,1.000273663589566597e+00,1.000243516850569003e+00,1.000242394037788474e+00,2.731084277654758936e-03,-3.267232633663574859e-06
1.672518578721162719e-01,1.000381844265195497e+00,1.000279966348295080e+00,1.000248682903462472e+00,1.000247462288189171e+00,2.773019256719052097e-03,-3.316683667153874637e-06
1.695806852458248415e-01,1.000394165727803930e+00,1.000286364248990978e+00,1.000253930532458035e+00,1.000252606320320536e+00,2.814944186880282730e-03,-3.365919696185493137e-06
1.719419393860013856e-01,1.000406902102769280e+00,1.000292855754163712e+00,1.000259260450546694e+00,1.000257826848541365e+00,2.856828706968269141e-03,-3.414918600674887728e-06
1.743360718053663938e-01,1.000420067298313898e+00,1.000299439180039052e+00,1.000264673346444644e+00,1.000263124608626208e+00,2.898654795254419683e-03,-3.463658060920415949e-06
1.767635403035375807e-01,1.000433675644406550e+00,1.000306112720497520e+00,1.000270169880311810e+00,1.000268500363752811e+00,2.940396594169510103e-03,-3.512117513704282601e-06
1.792248090545686678e-01,1.000447741909557875e+00,1.000312874515387751e+00,1.000275750642561468e+00,1.000273954857439085e+00,2.982033039525494242e-03,-3.560278139635997263e-06
1.817203486957074399e-01,1.000462281314267177e+00,1.000319722537992506e+00,1.000281416196754369e+00,1.000279488874212808e+00,3.023530338006330791e-03,-3.608121346809767260e-06
1.842506364173902289e-01,1.000477309547758820e+00,1.000326654697214490e+00,1.000287167022882562e+00,1.000285103176040691e+00,3.064870683779052397e-03,-3.655629872478804998e-06
1.868161560544882860e-01,1.000492842772015001e+00,1.000333668833528034e+00,1.000293003528240909e+00,1.000290798517891711e+00,3.106015391055648531e-03,-3.702787010784192034e-06
1.894173981788261907e-01,1.000508897645773221e+00,1.000340762745688838e+00,1.000298926016237600e+00,1.000296575613109695e+00,3.146945480976684646e-03,-3.749576021450096164e-06
1.920548601929868704e-01,1.000525491329670169e+00,1.000347934221690327e+00,1.000304934679379976e+00,1.000302435130191681e+00,3.187620113945620684e-03,-3.795980471399396095e-06
1.947290464254243514e-01,1.000542641504607033e+00,1.000355181059056742e+00,1.000311029582120259e+00,1.000308377670015902e+00,3.228017643473302979e-03,-3.841983486796429759e-06
1.974404682268997291e-01,1.000560366386810562e+00,1.000362501118265302e+00,1.000317210630915277e+00,1.000314403734036128e+00,3.268097473864718053e-03,-3.887567760374466275e-06
2.001896440682600087e-01,1.000578684735798030e+00,1.000369892311203213e+00,1.000323477588879628e+00,1.000320513735895700e+00,3.307832759338210065e-03,-3.932715868626424083e-06
2.029770996395794669e-01,1.000597615881116287e+00,1.000377352663615937e+00,1.000329830026653433e+00,1.000326707945329074e+00,3.347184186782828363e-03,-3.977411854871881758e-06
2.058033679506798552e-01,1.000617179729457185e+00,1.000384880320853931e+00,1.000336267332720741e+00,1.000332986491577758e+00,3.386115244015274438e-03,-4.021641953122490065e-06
2.086689894330518713e-01,1.000637396785805100e+00,1.000392473582405684e+00,1.000342788688888263e+00,1.000339349330134908e+00,3.424589426213510684e-03,-4.065396563945888886e-06
2.115745120431946347e-01,1.000658288166890619e+00,1.000400130905770846e+00,1.000349393073222792e+00,1.000345796237669393e+00,3.462568307318036973e-03,-4.108665924706933481e-06
2.145204913673942615e-01,1.000679875617872083e+00,1.000407850929112108e+00,1.000356079250617203e+00,1.000352326791689173e+00,3.500011296140664429e-03,-4.151440367472503112e-06
2.175074907279622716e-01,1.000702181528069223e+00,1.000415632485393669e+00,1.000362845770231823e+00,1.000358940355871029e+00,3.536878828339693089e-03,-4.193709929212197096e-06
2.205360812909517298e-01,1.000725228948447842e+00,1.000423474614971830e+00,1.000369690960738911e+00,1.000365636064869834e+00,3.573130520566628748e-03,-4.235463061830202491e-06
2.236068421753749647e-01,1.000749041606769474e+00,1.000431376571443653e+00,1.000376612934281040e+00,1.000372412815589751e+00,3.608725490957141822e-03,-4.276687422199998423e-06
2.267203605639402930e-01,1.000773643924579348e+00,1.000439337816344532e+00,1.000383609592889300e+00,1.000379269262603010e+00,3.643622219423616870e-03,-4.317369520889791090e-06
2.298772318153323169e-01,1.000799061032912496e+00,1.000447358021502309e+00,1.000390678636144282e+00,1.000386203809834118e+00,3.677770641474378734e-03,-4.357494612472478934e-06
2.330780595780544140e-01,1.000825318834696942e+00,1.000455436977411239e+00,1.000397817527252764e+00,1.000393214563231270e+00,3.711120589923268265e-03,-4.397055184290898922e-06
2.363234559058565720e-01,1.000852443846611983e+00,1.000463574822891388e+00,1.000405023693041073e+00,1.000400299559668360e+00,3.743729799097028459e-03,-4.436049167000355453e-06
2.396140413747714082e-01,1.000880463433537315e+00,1.000471771727408532e+00,1.000412294308303807e+00,1.000407456487516944e+00,3.775424260986118882e-03,-4.474474749938117668e-06
2.429504452017781091e-01,1.000909405760432191e+00,1.000480027959006479e+00,1.000419626378018734e+00,1.000414682775210728e+00,3.806234988676192484e-03,-4.512328882766425409e-06
2.463333053651205196e-01,1.000939299735013943e+00,1.000488343950411529e+00,1.000427016838904892e+00,1.000421975708698508e+00,3.836111573797596364e-03,-4.549605187365024506e-06
2.497632687262992535e-01,1.000970175083192748e+00,1.000496720180433341e+00,1.000434462523766221e+00,1.000429332381000735e+00,3.865021245291240179e-03,-4.586296215025598144e-06
2.532409911537624181e-01,1.001002062349626742e+00,1.000505157171142523e+00,1.000441960194009328e+00,1.000436749720957863e+00,3.892929638522852915e-03,-4.622392526965057868e-06
2.567671376483199874e-01,1.001034992914451083e+00,1.000513655453110662e+00,1.000449506561494450e+00,1.000444224515084413e+00,3.919819315045417439e-03,-4.657884387526678438e-06
2.603423824703022804e-01,1.001068999011583083e+00,1.000522215528955261e+00,1.000457098309176063e+00,1.000451753430007473e+00,3.945633437513317715e-03,-4.692765206759652585e-06
2.639674092684914930e-01,1.001104113767518955e+00,1.000530837809294749e+00,1.000464732095830200e+00,1.000459333020109920e+00,3.970371650050496387e-03,-4.727036120866223712e-06
2.676429112108463793e-01,1.001140371141926000e+00,1.000539522699530837e+00,1.000472404630319723e+00,1.000466959802875255e+00,3.994012283867288959e-03,-4.760703317563397263e-06
2.713695911170478370e-01,1.001177806013327398e+00,1.000548270451046440e+00,1.000480112644592579e+00,1.000474630248340935e+00,4.016548014369379811e-03,-4.793769419864091219e-06
2.751481615928910718e-01,1.001216454170384740e+00,1.000557081190339037e+00,1.000487852925326493e+00,1.000482340809667470e+00,4.037934156325485510e-03,-4.826234464738732299e-06
2.789793451665472102e-01,1.001256352344119360e+00,1.000565954873380736e+00,1.000495622317593369e+00,1.000490087938291861e+00,4.058170064989609013e-03,-4.858094874271579044e-06
2.828638744267240601e-01,1.001297538229949380e+00,1.000574891259533139e+00,1.000503417734142975e+00,1.000497868104138988e+00,4.077237819955093455e-03,-4.889343214742325472e-06
2.868024921627488899e-01,1.001340050492439460e+00,1.000583889927388892e+00,1.000511236173030616e+00,1.000505677818137595e+00,4.095127615946075883e-03,-4.919974580297470368e-06
2.907959515066035339e-01,1.001383928786521826e+00,1.000592950267126691e+00,1.000519074722740376e+00,1.000513513646087871e+00,4.111831709066264724e-03,-4.949986163405029060e-06
2.948450160769358619e-01,1.001429213777284666e+00,1.000602071468809529e+00,1.000526930568885975e+00,1.000521372226761629e+00,4.127349979543368935e-03,-4.979392287940420658e-06
2.989504601250763116e-01,1.001475947166777347e+00,1.000611252517231708e+00,1.000534800991603968e+00,1.000529250276571691e+00,4.141675054001629601e-03,-5.008197778599843275e-06
3.031130686830895704e-01,1.001524171701281274e+00,1.000620492213607049e+00,1.000542683378137232e+00,1.000537144612188012e+00,4.154807383046368874e-03,-5.036411528380746461e-06
3.073336377138846109e-01,1.001573931212637492e+00,1.000629789154407590e+00,1.000550575207132420e+00,1.000545052141676328e+00,4.166752314080863877e-03,-5.064032105428495356e-06
3.116129742634181077e-01,1.001625270636447018e+00,1.000639141752469374e+00,1.000558474049067836e+00,1.000552969869945352e+00,4.177505709016871016e-03,-5.091057323269865265e-06
3.159518966150149932e-01,1.001678236025426161e+00,1.000648548254799319e+00,1.000566377573809174e+00,1.000560894917242205e+00,4.187072845314184985e-03,-5.117484425998242159e-06
3.203512344458377403e-01,1.001732874589751798e+00,1.000658006743577966e+00,1.000574283531635800e+00,1.000568824499382226e+00,4.195462212118229728e-03,-5.143317789779722204e-06
3.248118289855365104e-01,1.001789234717266330e+00,1.000667515155653886e+00,1.000582189753647766e+00,1.000576755933919149e+00,4.202682152124043516e-03,-5.168570866076471759e-06
3.293345331771052042e-01,1.001847365995980566e+00,1.000677071298060827e+00,1.000590094151320608e+00,1.000584686646101007e+00,4.208731670372107062e-03,-5.193253811985876212e-06
3.339202118399802743e-01,1.001907319247227424e+00,1.000686672859644188e+00,1.000597994705668459e+00,1.000592614157896465e+00,4.213626944583517137e-03,-5.217373896582166992e-06
3.385697418354087773e-01,1.001969146553832513e+00,1.000696317426771342e+00,1.000605889462195863e+00,1.000600536084560899e+00,4.217377648054881911e-03,-5.240931501782064572e-06
3.432840122341186406e-01,1.002032901290586864e+00,1.000706002496231761e+00,1.000613776524830190e+00,1.000608450129654381e+00,4.219993021186823137e-03,-5.263925630272225931e-06
3.480639244863259485e-01,1.002098638148655407e+00,1.000715725492654196e+00,1.000621654056716547e+00,1.000616354089297388e+00,4.221480929200502677e-03,-5.286361142609052877e-06
3.529103925941061148e-01,1.002166413172180803e+00,1.000725483778422520e+00,1.000629520269986195e+00,1.000624245839209170e+00,4.221856604132536057e-03,-5.308251474156477911e-06
3.578243432861686335e-01,1.002236283790389315e+00,1.000735274665138341e+00,1.000637373421497944e+00,1.000632123330049028e+00,4.221132327914083743e-03,-5.329609728321749174e-06
3.628067161950621067e-01,1.002308308846878271e+00,1.000745095428653197e+00,1.000645211812108082e+00,1.000639984586360276e+00,4.219322077162864816e-03,-5.350443178953057100e-06
3.678584640368494085e-01,1.002382548633910186e+00,1.000754943318602708e+00,1.000653033782448853e+00,1.000647827700884340e+00,4.216438160449812594e-03,-5.370755821965111920e-06
3.729805527932832931e-01,1.002459064923445498e+00,1.000764815569563426e+00,1.000660837713113427e+00,1.000655650834759269e+00,4.212493936044395954e-03,-5.390549637440678055e-06
3.781739618965179739e-01,1.002537921005691945e+00,1.000774709407112883e+00,1.000668622018468623e+00,1.000663452208056192e+00,4.207505718409657557e-03,-5.409830447722363544e-06
3.834396844163949769e-01,1.002619181723769959e+00,1.000784622054766482e+00,1.000676385145590208e+00,1.000671230098084674e+00,4.201487973416534287e-03,-5.428613666813575378e-06
3.887787272503338554e-01,1.002702913509663230e+00,1.000794550740436772e+00,1.000684125572889771e+00,1.000678982836500586e+00,4.194455961872252565e-03,-5.446910556261563841e-06
3.941921113158696199e-01,1.002789184418705126e+00,1.000804492705626547e+00,1.000691841810910754e+00,1.000686708808227632e+00,4.186426002701804094e-03,-5.464728469961599444e-06
3.996808717458693594e-01,1.002878064168698735e+00,1.000814445207812931e+00,1.000699532399894620e+00,1.000694406447583118e+00,4.177413933702424885e-03,-5.482071626872198067e-06
4.052460580864670758e-01,1.002969624174703478e+00,1.000824405529620487e+00,1.000707195911996417e+00,1.000702074238715156e+00,4.167437937613406584e-03,-5.498946127113768512e-06
4.108887344977563694e-01,1.003063937589840249e+00,1.000834370978906263e+00,1.000714830949092526e+00,1.000709710712303968e+00,4.156513146451034160e-03,-5.515362203500906446e-06
4.166099799572747231e-01,1.003161079345930240e+00,1.000844338890743312e+00,1.000722436141376681e+00,1.000717314442350903e+00,4.144657124692593432e-03,-5.531332306518699227e-06
4.224108884663244079e-01,1.003261126188878860e+00,1.000854306636406621e+00,1.000730010151298810e+00,1.000724884048832530e+00,4.131891712579976311e-03,-5.546865503136544362e-06
4.282925692591627032e-01,1.003364156715957467e+00,1.000864271630222513e+00,1.000737551676458503e+00,1.000732418199349993e+00,4.118234808076832142e-03,-5.561967928002786721e-06
4.342561470151082292e-01,1.003470251424588566e+00,1.000874231320635133e+00,1.000745059443119533e+00,1.000739915601677632e+00,4.103702988077851180e-03,-5.576645568772242711e-06
4.403027620735986969e-01,1.003579492758723157e+00,1.000884183185831056e+00,1.000752532202414669e+00,1.000747374998756989e+00,4.088312653192679828e-03,-5.590909121666598480e-06
4.464335706522425951e-01,1.003691965141680242e+00,1.000894124749041492e+00,1.000759968738864414e+00,1.000754795175834433e+00,4.072083061495225358e-03,-5.604769143019439070e-06
4.526497450679097256e-01,1.003807755023147452e+00,1.000904053573378638e+00,1.000767367867001267e+00,1.000762174956658868e+00,4.055033293210145821e-03,-5.618234967363910926e-06
4.589524739608968340e-01,1.003926950921360639e+00,1.000913967264374760e+00,1.000774728432884952e+00,1.000769513204289751e+00,4.037182298504206866e-03,-5.631313473308807716e-06
4.653429625222176846e-01,1.004049643464906438e+00,1.000923863474410869e+00,1.000782049316272682e+00,1.000776808822251285e+00,4.018550442164426674e-03,-5.644011867644849190e-06
4.718224327240557181e-01,1.004175925439661610e+00,1.000933739900362385e+00,1.000789329428777297e+00,1.000784060751919835e+00,3.999156384263020947e-03,-5.656338576298658438e-06
4.783921235534258631e-01,1.004305891832522502e+00,1.000943594286640259e+00,1.000796567715180663e+00,1.000791267972897192e+00,3.979020457786127361e-03,-5.668303854178269319e-06
4.850532912490917448e-01,1.004439639877567014e+00,1.000953424424628757e+00,1.000803763153029102e+00,1.000798429502356424e+00,3.958162379468397989e-03,-5.679916577294719104e-06
4.918072095417785339e-01,1.004577269099672820e+00,1.000963228156294571e+00,1.000810914754996395e+00,1.000805544396806690e+00,3.936602831093915893e-03,-5.691184874812016403e-06
4.986551698977338409e-01,1.004718881362911764e+00,1.000973003372223502e+00,1.000818021567134286e+00,1.000812611749810177e+00,3.914362344455576265e-03,-5.702116675387891576e-06
5.055984817656781205e-01,1.004864580916283057e+00,1.000982748012937851e+00,1.000825082669997590e+00,1.000819630692963536e+00,3.891461125649808405e-03,-5.712719876149741083e-06
5.126384728271927704e-01,1.005014474441170202e+00,1.000992460069182632e+00,1.000832097178518065e+00,1.000826600395057664e+00,3.867919349822148290e-03,-5.723002571067503652e-06
5.197764892505978285e-01,1.005168671100167499e+00,1.001002137580478069e+00,1.000839064240719001e+00,1.000833520060559367e+00,3.843756569034900619e-03,-5.732972463645680250e-06
5.270138959483606778e-01,1.005327282584260740e+00,1.001011778636215377e+00,1.000845983038313403e+00,1.000840388929782332e+00,3.818993743665582800e-03,-5.742637574024378466e-06
5.343520768380931596e-01,1.005490423160651181e+00,1.001021381376271835e+00,1.000852852786816571e+00,1.000847206278677515e+00,3.793650649038038565e-03,-5.752005969861251344e-06
5.417924351071778943e-01,1.005658209719090257e+00,1.001030943993830968e+00,1.000859672737117290e+00,1.000853971420151423e+00,3.767748132448495765e-03,-5.761085200339799428e-06
5.493363934810847615e-01,1.005830761823487407e+00,1.001040464730902357e+00,1.000866442172627213e+00,1.000860683701028764e+00,3.741305574894843861e-03,-5.769882800432668546e-06
5.569853944954192837e-01,1.006008201761054099e+00,1.001049941877439009e+00,1.000873160408611628e+00,1.000867342501222224e+00,3.714340657711295152e-03,-5.778406053313922541e-06
5.647409007717597573e-01,1.006190654595157108e+00,1.001059373765460725e+00,1.000879826788234617e+00,1.000873947229669714e+00,3.686872241485185907e-03,-5.786662265583331077e-06
5.726043952973379758e-01,1.006378248203904535e+00,1.001068758783778101e+00,1.000886440690941681e+00,1.000880497332327979e+00,3.658921323249579322e-03,-5.794658440305688885e-06
5.805773817086093969e-01,1.006571113332235257e+00,1.001078095372804011e+00,1.000893001529220561e+00,1.000886992288694266e+00,3.630510136801735292e-03,-5.802401643495436190e-06
5.886613845787771471e-01,1.006769383638718152e+00,1.001087382027082917e+00,1.000899508749681921e+00,1.000893431612647433e+00,3.601655089038543079e-03,-5.809898905417831827e-06
5.968579497093152719e-01,1.006973195750946459e+00,1.001096617284868984e+00,1.000905961826606738e+00,1.000899814846109903e+00,3.572376328096048097e-03,-5.817156963572323036e-06
6.051686444255524044e-01,1.007182689311203472e+00,1.001105799731213164e+00,1.000912360263727097e+00,1.000906141560695017e+00,3.542688620869471720e-03,-5.824182588654025494e-06
6.135950578763733620e-01,1.007398007024470132e+00,1.001114927997229120e+00,1.000918703593776771e+00,1.000912411357116394e+00,3.512614680060309122e-03,-5.830982346965996044e-06
6.221388013380897419e-01,1.007619294695566659e+00,1.001124000775351686e+00,1.000924991386699325e+00,1.000918623872993019e+00,3.482174255892184385e-03,-5.837562272570373523e-06
6.308015085225456842e-01,1.007846701277490764e+00,1.001133016816709187e+00,1.000931223247998325e+00,1.000924778781030478e+00,3.451393703689908075e-03,-5.843928674420517666e-06
6.395848358895115382e-01,1.008080378919610443e+00,1.001141974927792555e+00,1.000937398816857504e+00,1.000930875787233942e+00,3.420283860090982467e-03,-5.850087763881184344e-06
6.484904629634259399e-01,1.008320483033745996e+00,1.001150873940621633e+00,1.000943517747800993e+00,1.000936914613024920e+00,3.388862712023749287e-03,-5.856045875662907463e-06
6.575200926545531344e-01,1.008567172315937066e+00,1.001159712746948482e+00,1.000949579730326722e+00,1.000942895014125700e+00,3.357147327297825990e-03,-5.861808567875215203e-06
6.666754515846055051e-01,1.008820608808375763e+00,1.001168490270948785e+00,1.000955584473057991e+00,1.000948816765188765e+00,3.325150298339675688e-03,-5.867381431712281881e-06
6.759582904169068041e-01,1.009080957939261225e+00,1.001177205473740450e+00,1.000961531706040519e+00,1.000954679661880231e+00,3.292888202016240867e-03,-5.872770126980064731e-06
6.853703841911464867e-01,1.009348388548962028e+00,1.001185857376806654e+00,1.000967421194147056e+00,1.000960483533631873e+00,3.260382206704069696e-03,-5.877979822432877199e-06
6.949135326628000930e-01,1.009623072942803068e+00,1.001194445043467995e+00,1.000973252726438334e+00,1.000966228233478361e+00,3.227647523542518521e-03,-5.883015837815364080e-06
7.045895606472732942e-01,1.009905186925450282e+00,1.001202967587058845e+00,1.000979026119855675e+00,1.000971913641421907e+00,3.194701014063708842e-03,-5.887883863242571181e-06
7.144003183688365510e-01,1.010194909852397016e+00,1.001211424150800555e+00,1.000984741207649353e+00,1.000977539653227666e+00,3.161553425055329582e-03,-5.892588979317103792e-06
7.243476818144232166e-01,1.010492424655730970e+00,1.001219813923922342e+00,1.000990397848132485e+00,1.000983106188936267e+00,3.128223400258407436e-03,-5.897136180488260493e-06
7.344335530923471467e-01,1.010797917878490937e+00,1.001228136143365921e+00,1.000995995924504056e+00,1.000988613192580701e+00,3.094730259735185580e-03,-5.901529906982005969e-06
7.446598607960217553e-01,1.011111579686968076e+00,1.001236390122613118e+00,1.001001535363459594e+00,1.000994060649828432e+00,3.061099895644934805e-03,-5.905774773218297469e-06
7.550285603727394657e-01,1.011433603931533920e+00,1.001244575208068088e+00,1.001007016109116465e+00,1.000999448562984062e+00,3.027340269832768868e-03,-5.909875319565216500e-06
7.655416344975858323e-01,1.011764188159242517e+00,1.001252690802490575e+00,1.001012438137622418e+00,1.001004776965022547e+00,2.993468302762848209e-03,-5.913836304216602002e-06
7.762010934525640504e-01,1.012103533682597645e+00,1.001260736305192411e+00,1.001017801419520570e+00,1.001010045883268251e+00,2.959486527958544826e-03,-5.917662537213708163e-06
7.870089755109924701e-01,1.012451845574936060e+00,1.001268711153239677e+00,1.001023105946189817e+00,1.001015255364913648e+00,2.925406778917772916e-03,-5.921358260829734377e-06
7.979673473272613782e-01,1.012809332710630894e+00,1.001276614796315689e+00,1.001028351713202147e+00,1.001020405460928187e+00,2.891234946256332743e-03,-5.924926602784985619e-06
8.090783043320096679e-01,1.013176207761028902e+00,1.001284446731485200e+00,1.001033538739795503e+00,1.001025496244592805e+00,2.856985845725916202e-03,-5.928371656582775984e-06
8.203439711328102124e-01,1.013552687218159276e+00,1.001292206492109038e+00,1.001038667063579357e+00,1.001030527806572312e+00,2.822682710863200304e-03,-5.931697163785720761e-06
8.317665019204306676e-01,1.013938991388912303e+00,1.001299893676955710e+00,1.001043736756844105e+00,1.001035500270373690e+00,2.788336956734590623e-03,-5.934907543303502564e-06
8.433480808807507501e-01,1.014335344436415154e+00,1.001307507904193095e+00,1.001048747900167513e+00,1.001040413766956183e+00,2.753963886560563141e-03,-5.938007051620175503e-06
8.550909226124192575e-01,1.014741974353823073e+00,1.001315048862482238e+00,1.001053700611082231e+00,1.001045268462281923e+00,2.719586896649916173e-03,-5.940999343478914341e-06
8.669972725503204414e-01,1.015159112981272482e+00,1.001322516291572651e+00,1.001058595032688903e+00,1.001050064546332052e+00,2.685215524801660373e-03,-5.943887063986075248e-06
8.790694073949432141e-01,1.015586996026753397e+00,1.001329909949097985e+00,1.001063431315596164e+00,1.001054802215894268e+00,2.650859561499015020e-03,-5.946673979129180054e-06
8.913096355477242438e-01,1.016025863066024826e+00,1.001337229606076962e+00,1.001068209615088467e+00,1.001059481671687790e+00,2.616516209598757341e-03,-5.949362961610304978e-06
9.037202975524529780e-01,1.016475957545452280e+00,1.001344475030669479e+00,1.001072930081856160e+00,1.001064103109593262e+00,2.582187270418207035e-03,-5.951957074201708053e-06
9.163037665428275247e-01,1.016937526770018918e+00,1.001351645989325245e+00,1.001077592861463916e+00,1.001068666719967748e+00,2.547880869510767404e-03,-5.954459320500760100e-06
9.290624486962351103e-01,1.017410821843470536e+00,1.001358742312599359e+00,1.001082198132545953e+00,1.001073172724185056e+00,2.513615022249938730e-03,-5.956872555334946640e-06
9.419987836938580328e-01,1.017896097671804112e+00,1.001365763857575919e+00,1.001086746085815937e+00,1.001077621354567571e+00,2.479406328368833831e-03,-5.959200369942685427e-06
9.551152451871821603e-01,1.018393612927564362e+00,1.001372710524234266e+00,1.001091236932996509e+00,1.001082012862924087e+00,2.445255979538240362e-03,-5.961446241653511890e-06
9.684143412709999010e-01,1.018903630039905917e+00,1.001379582225023102e+00,1.001095670888940692e+00,1.001086347503458152e+00,2.411176744514523500e-03,-5.963612868642442777e-06
9.818986149630051230e-01,1.019426415152477672e+00,1.001386378895638751e+00,1.001100048177250068e+00,1.001090625538219703e+00,2.377181173792273453e-03,-5.965702087884494631e-06
9.955706446900579598e-01,1.019962238041267621e+00,1.001393100558506610e+00,1.001104369065990651e+00,1.001094847271148724e+00,2.343297194989420271e-03,-5.967715862698064200e-06
1.009433044781229416e+00,1.020511372092020475e+00,1.001399747285251163e+00,1.001108633847665352e+00,1.001099013028863061e+00,2.309542429509036342e-03,-5.969657297377750638e-06
1.023488465967701266e+00,1.021074094282670153e+00,1.001406319143487877e+00,1.001112842810096604e+00,1.001103123132868866e+00,2.275884360996622939e-03,-5.971529845272272041e-06
1.037739595889636712e+00,1.021650685154857907e+00,1.001412816152382312e+00,1.001116996211508514e+00,1.001107177875726117e+00,2.242343503072766545e-03,-5.973335724496209309e-06
1.052189159610100733e+00,1.022241428709362632e+00,1.001419238348320917e+00,1.001121094315067905e+00,1.001111177553990483e+00,2.208900601531952907e-03,-5.975075207720337289e-06
1.066839920136139597e+00,1.022846612371749009e+00,1.001425585728494161e+00,1.001125137356913219e+00,1.001115122437541194e+00,2.175564591798546422e-03,-5.976751666803004071e-06
1.081694678947117350e+00,1.023466526843243907e+00,1.001431858363146743e+00,1.001129125611658122e+00,1.001119012832544675e+00,2.142357447700513062e-03,-5.978366965364578789e-06
1.096756276530404639e+00,1.024101466042050879e+00,1.001438056357461415e+00,1.001133059371508205e+00,1.001122849061262698e+00,2.109296734500624038e-03,-5.979924115440127252e-06
1.112027592924532016e+00,1.024751727019383107e+00,1.001444179845855320e+00,1.001136938941267207e+00,1.001126631457297744e+00,2.076372702415949997e-03,-5.981425420964470163e-06
1.127511548269902075e+00,1.025417609886683845e+00,1.001450228958990607e+00,1.001140764617037826e+00,1.001130360345101611e+00,2.043617007377949556e-03,-5.982871709053760867e-06
1.143211103367168580e+00,1.026099417585985885e+00,1.001456204015525264e+00,1.001144536798267870e+00,1.001134036147519613e+00,2.011084174333750783e-03,-5.984265185499104689e-06
1.159129260243398019e+00,1.026797455926103719e+00,1.001462105298232874e+00,1.001148255859275471e+00,1.001137659262603785e+00,1.978710310662918411e-03,-5.985607851588525818e-06
1.175269062726103098e+00,1.027512033523115154e+00,1.001467932962982088e+00,1.001151922099470459e+00,1.001141230015972550e+00,1.946501820547364651e-03,-5.986901255305987490e-06
1.191633597025280489e+00,1.028243461570108375e+00,1.001473687195761464e+00,1.001155535838103461e+00,1.001144748751849445e+00,1.914452143223460516e-03,-5.988147256719145162e-06
1.208225992323545439e+00,1.028992053767453507e+00,1.001479368124689184e+00,1.001159097356415284e+00,1.001148215777281969e+00,1.882546988521651820e-03,-5.989347491741625618e-06
1.225049421374484693e+00,1.029758126127428675e+00,1.001484975901817842e+00,1.001162606944902000e+00,1.001151631407358300e+00,1.850831007172027993e-03,-5.990503489705645279e-06
1.242107101109344525e+00,1.030541994276644058e+00,1.001490510900673092e+00,1.001166065033249009e+00,1.001154996092417093e+00,1.821007649653923460e-03,-5.991598599486280818e-06
1.259402293252160909e+00,1.031343982623855515e+00,1.001495973252872540e+00,1.001169471864159499e+00,1.001158310095884518e+00,1.787549558735744559e-03,-5.992643844043854529e-06
1.276938304943461278e+00,1.032164412452520441e+00,1.001501363219138074e+00,1.001172827777544239e+00,1.001161573778458269e+00,1.756864137826166837e-03,-5.993696399975156908e-06
1.294718489372642001e+00,1.033003606117770978e+00,1.001506681089126438e+00,1.001176133142324787e+00,1.001164787529712275e+00,1.725949927390677333e-03,-5.994692095501186202e-06
1.312746246419163043e+00,1.033861888986276956e+00,1.001511927427881643e+00,1.001179388450527785e+00,1.001167951853301208e+00,1.695316875228663296e-03,-5.995649303813799236e-06
1.331025023302655708e+00,1.034739587603656918e+00,1.001517102492111677e+00,1.001182594036063023e+00,1.001171067102169854e+00,1.664844326407077758e-03,-5.996571023514363219e-06
1.349558315242100459e+00,1.035637029718321944e+00,1.001522206479247945e+00,1.001185750198710922e+00,1.001174133596117510e+00,1.634591759593757810e-03,-5.997458407347444620e-06
1.368349666124164088e+00,1.036554543916645477e+00,1.001527239628091870e+00,1.001188857256237297e+00,1.001177151671719168e+00,1.604533306265608144e-03,-5.998312683885842489e-06
1.387402669180857417e+00,1.037492459527666444e+00,1.001532202193977872e+00,1.001191915533890864e+00,1.001180121671870760e+00,1.574678853400247533e-03,-5.999135038292635613e-06
1.406720967676621248e+00,1.038451106323292183e+00,1.001537094518146764e+00,1.001194925398789737e+00,1.001183043978631559e+00,1.545082246988645821e-03,-5.999926608657446536e-06
1.426308255604987307e+00,1.039430814321516738e+00,1.001541916996251613e+00,1.001197887235619977e+00,1.001185918989549339e+00,1.515693297323607823e-03,-6.000688489438132933e-06
1.446168278394924345e+00,1.040431913659637386e+00,1.001546669881977492e+00,1.001200801359564796e+00,1.001188747036068527e+00,1.486542626545318650e-03,-6.001421767320991307e-06
1.466304833627035009e+00,1.041454734156028294e+00,1.001551353615078854e+00,1.001203668179935002e+00,1.001191528538741160e+00,1.457678596620836080e-03,-6.002127481363750405e-06
1.486721771759722310e+00,1.042499605242672489e+00,1.001555968666731022e+00,1.001206488125136795e+00,1.001194263935944129e+00,1.428956778508960529e-03,-6.002806622218415100e-06
1.507422996865455112e+00,1.043566855518467396e+00,1.001560515380867988e+00,1.001209261558456909e+00,1.001196953604157169e+00,1.400607922106226555e-03,-6.003460143566563545e-06
1.528412467377299411e+00,1.044656812798025802e+00,1.001564994004802145e+00,1.001211988788958784e+00,1.001199597867313607e+00,1.372515542460259587e-03,-6.004088978550647937e-06
1.549694196845844196e+00,1.045769803639057249e+00,1.001569404727512325e+00,1.001214670092797299e+00,1.001202197017552420e+00,1.344523154387995689e-03,-6.004694028782786575e-06
1.571272254706651772e+00,1.046906152886653896e+00,1.001573747874261233e+00,1.001217305808441704e+00,1.001204751405288640e+00,1.316782795098319931e-03,-6.005276175446994102e-06
1.593150767058411299e+00,1.048066183496656922e+00,1.001578024091236863e+00,1.001219896423684252e+00,1.001207261520878022e+00,1.289397519622670048e-03,-6.005836246991691496e-06
1.615333917451916568e+00,1.049250216529836299e+00,1.001582233626316487e+00,1.001222442239106725e+00,1.001209727678091799e+00,1.262291645358391964e-03,-6.006375043110523393e-06
1.637825947690040751e+00,1.050458570486490606e+00,1.001586376919162635e+00,1.001224943653789445e+00,1.001212150284114033e+00,1.235512019520739867e-03,-6.006893345844588339e-06
1.660631158638832261e+00,1.051691561058309743e+00,1.001590454481079195e+00,1.001227401108524928e+00,1.001214529785948493e+00,1.208945904011900175e-03,-6.007391924134353189e-06
1.683753911049920005e+00,1.052949500914277081e+00,1.001594466676697603e+00,1.001229814969594178e+00,1.001216866559569985e+00,1.182539532514885515e-03,-6.007871497182293297e-06
1.707198626394369700e+00,1.054232699579585875e+00,1.001598413610962579e+00,1.001232185456453205e+00,1.001219160839881495e+00,1.156372756286684015e-03,-6.008332755658152280e-06
1.730969787708135144e+00,1.055541462815793308e+00,1.001602295485500616e+00,1.001234512835121659e+00,1.001221412905560326e+00,1.130522891848249455e-03,-6.008776376353885951e-06
1.755071940449300261e+00,1.056876092042917881e+00,1.001606113001410003e+00,1.001236797614847296e+00,1.001223623264610563e+00,1.105060879323261497e-03,-6.009203023960019152e-06
1.779509693367245404e+00,1.058236884404279321e+00,1.001609866625920331e+00,1.001239040192472229e+00,1.001225792318749752e+00,1.079907392100857818e-03,-6.009613325863583100e-06
1.804287719383926625e+00,1.059624132327251500e+00,1.001613556605239097e+00,1.001241240855594850e+00,1.001227920366122071e+00,1.054898643872427240e-03,-6.010007888246349239e-06
1.829410756487409806e+00,1.061038123181747173e+00,1.001617183522735655e+00,1.001243400075045198e+00,1.001230007879651440e+00,1.030275434559909959e-03,-6.010387285759755116e-06
1.854883608637860837e+00,1.062479138832146841e+00,1.001620747812847600e+00,1.001245518245387212e+00,1.001232055259629439e+00,1.005905058381934133e-03,-6.010752091278881437e-06
1.880711146686151469e+00,1.063947455461032199e+00,1.001624249701808189e+00,1.001247595641194810e+00,1.001234062790913537e+00,9.817687101785011264e-04,-6.011102849368121781e-06
1.906898309305239847e+00,1.065443343090662465e+00,1.001627689233165253e+00,1.001249632442826609e+00,1.001236030668591237e+00,9.579079448397481364e-04,-6.011440087494435147e-06
1.933450103934535091e+00,1.066967065013618488e+00,1.001631066985269491e+00,1.001251629098958595e+00,1.001237959341670702e+00,9.344379115267031693e-04,-6.011764306701472549e-06
1.960371607737413369e+00,1.068518877262803146e+00,1.001634383939580708e+00,1.001253586258367134e+00,1.001239849448356090e+00,9.112798229542793489e-04,-6.012075995265320216e-06
1.987667968572047084e+00,1.070099029138086077e+00,1.001637640134948048e+00,1.001255504100327487e+00,1.001241701181990296e+00,8.883301164987567142e-04,-6.012375626029964337e-06
2.015344405975773245e+00,1.071707761931166125e+00,1.001640836087716702e+00,1.001257383044897198e+00,1.001243514964018422e+00,8.657846800510611215e-04,-6.012663651633332051e-06
2.043406212163153768e+00,1.073345308758636651e+00,1.001643972307432406e+00,1.001259223513282004e+00,1.001245291217518707e+00,8.434034862817894147e-04,-6.012940506949782105e-06
2.071858753037949530e+00,1.075011894669333223e+00,1.001647048610210922e+00,1.001261025568804364e+00,1.001247030025109952e+00,8.213130954451762326e-04,-6.013206614752242274e-06
2.100707469219159407e+00,1.076707735429506041e+00,1.001650065458498773e+00,1.001262789609469239e+00,1.001248731787254931e+00,7.994975930527309805e-04,-6.013462377496558986e-06
2.129957877081367634e+00,1.078433037293119012e+00,1.001653023639928142e+00,1.001264516186489706e+00,1.001250397048446317e+00,7.781770387357687295e-04,-6.013708190089062100e-06
2.159615569809577806e+00,1.080187996781903026e+00,1.001655923953634453e+00,1.001266205853397429e+00,1.001252026354855884e+00,7.571459224912478617e-04,-6.013944428895356964e-06
2.189686218468712919e+00,1.081972800613999919e+00,1.001658766618670704e+00,1.001267858883950312e+00,1.001253619988470955e+00,7.364035938214667744e-04,-6.014171459733930192e-06
2.220175573088030152e+00,1.083787624865750976e+00,1.001661552028295210e+00,1.001269475609995796e+00,1.001255178283291913e+00,7.159112341324953572e-04,-6.014389626551874812e-06
2.251089463760621356e+00,1.085632634754668535e+00,1.001664280328076417e+00,1.001271056272485138e+00,1.001256701490448764e+00,6.957199694143012449e-04,-6.014599267967213336e-06
2.282433801758237735e+00,1.087507984043520004e+00,1.001666951776036818e+00,1.001272601155070552e+00,1.001258189899847384e+00,6.757440055960164211e-04,-6.014800708720180467e-06
2.314214580661613230e+00,1.089413814640618927e+00,1.001669566677259704e+00,1.001274110571503506e+00,1.001259643830417767e+00,6.561802191376072801e-04,-6.014994261116513030e-06
2.346437877506548642e+00,1.091350255540369796e+00,1.001672126512333838e+00,1.001275585421651515e+00,1.001261064155883229e+00,6.371302598369303670e-04,-6.015180229579364379e-06
2.379109853945951425e+00,1.093317423841074110e+00,1.001674631387984515e+00,1.001277025907471252e+00,1.001262451087748140e+00,6.182871637619567111e-04,-6.015358899214007238e-06
2.412236757428038558e+00,1.095315423327260618e+00,1.001677081800384617e+00,1.001278432418085007e+00,1.001263805013876462e+00,5.997087138003454488e-04,-6.015530552572201373e-06
2.445824922390963163e+00,1.097344344412285899e+00,1.001679477862637002e+00,1.001279805171497506e+00,1.001265126161991148e+00,5.814310534034734671e-04,-6.015695455219294274e-06
2.479880771474075818e+00,1.099404263432637308e+00,1.001681819841804710e+00,1.001281144449887250e+00,1.001266414819172779e+00,5.633802075965649823e-04,-6.015853871388365803e-06
2.514410816746030175e+00,1.101495242255557949e+00,1.001684108055033162e+00,1.001282450578437455e+00,1.001267671314755914e+00,5.457214046101352065e-04,-6.016006043774169143e-06
2.549421660950012658e+00,1.103617327362868883e+00,1.001686343720284977e+00,1.001283724305742195e+00,1.001268896376371176e+00,5.285644003700740385e-04,-6.016152216736792013e-06
2.584919998766298743e+00,1.105770550308493361e+00,1.001688527339966495e+00,1.001284966025398182e+00,1.001270090395639523e+00,5.116843097185406249e-04,-6.016292621535690444e-06
2.620912618092397839e+00,1.107954926891453695e+00,1.001690659323583255e+00,1.001286176085515622e+00,1.001271253720977583e+00,4.950416234085549139e-04,-6.016427476551733378e-06
2.657406401341006141e+00,1.110170456851955922e+00,1.001692739834560752e+00,1.001287354726359657e+00,1.001272386600048581e+00,4.786928005489916979e-04,-6.016557001387035086e-06
2.694408326756047689e+00,1.112417122987412021e+00,1.001694769311228139e+00,1.001288502329024110e+00,1.001273489414185702e+00,4.626288850264840950e-04,-6.016681398990364471e-06
2.731925469747044311e+00,1.114694891105435071e+00,1.001696747950393762e+00,1.001289619140620424e+00,1.001274562416335057e+00,4.469343162255581771e-04,-6.016800865760174588e-06
2.769965004242042284e+00,1.117003708842065679e+00,1.001698676902596397e+00,1.001290705856630048e+00,1.001275606281139652e+00,4.316692997691625941e-04,-6.016915594875271722e-06
2.808534204059399908e+00,1.119343505948497741e+00,1.001700556998179392e+00,1.001291763032952309e+00,1.001276621553004009e+00,4.167297884665668991e-04,-6.017025771520856381e-06
2.847640444298663365e+00,1.121714193934286952e+00,1.001702388411330746e+00,1.001292790901123109e+00,1.001277608469346658e+00,4.020507395883534925e-04,-6.017131570890121850e-06
2.887291202750825736e+00,1.124115665130870134e+00,1.001704171542965316e+00,1.001293789815575375e+00,1.001278567384886742e+00,3.876548456279757635e-04,-6.017233162958213200e-06
2.927494061328191677e+00,1.126547792468031606e+00,1.001705906503154830e+00,1.001294759984749261e+00,1.001279498515875721e+00,3.735084987644215170e-04,-6.017330710816892747e-06
2.968256707514179471e+00,1.129010428458949944e+00,1.001707594171672433e+00,1.001295701983333952e+00,1.001280402423559091e+00,3.598055747213641290e-04,-6.017424370674540057e-06
3.009586935833310495e+00,1.131503405108500226e+00,1.001709235447053592e+00,1.001296616380289217e+00,1.001281279662039836e+00,3.465347029082745133e-04,-6.017514298517490090e-06
3.051492649341639218e+00,1.134026533515334334e+00,1.001710831024461790e+00,1.001297503658580501e+00,1.001282130705510198e+00,3.334557553183283072e-04,-6.017600637786557627e-06
3.093981861137963474e+00,1.136579603414603845e+00,1.001712381342899638e+00,1.001298364175180922e+00,1.001282955908874950e+00,3.207501583731005670e-04,-6.017683526704509234e-06
3.137062695896077447e+00,1.139162382704048904e+00,1.001713886521943930e+00,1.001299198139890434e+00,1.001283755488895810e+00,3.081959468433860170e-04,-6.017763104937401408e-06
3.180743391418331178e+00,1.141774616605094161e+00,1.001715346995123879e+00,1.001300005889962375e+00,1.001284529780049670e+00,2.960454043156113615e-04,-6.017839496830212909e-06
3.225032300210852743e+00,1.144416027003885228e+00,1.001716763845652558e+00,1.001300788092933436e+00,1.001285279430004449e+00,2.843025881975893253e-04,-6.017912830613703079e-06
3.269937891080688441e+00,1.147086312315652279e+00,1.001718138036531203e+00,1.001301545361630296e+00,1.001286005035039617e+00,2.728341781064799331e-04,-6.017983227080136999e-06
3.315468750755195426e+00,1.149785147122416085e+00,1.001719470103750842e+00,1.001302278098402665e+00,1.001286706992390307e+00,2.617279810763811689e-04,-6.018050798251017852e-06
3.361633585523955414e+00,1.152512181636431210e+00,1.001720760224236395e+00,1.001302986507018433e+00,1.001287385509175953e+00,2.507610709166987898e-04,-6.018115656258871127e-06
3.408441222903577206e+00,1.155267040823193092e+00,1.001722008803806352e+00,1.001303670913316290e+00,1.001288040908842492e+00,2.403455555728539067e-04,-6.018177910793731655e-06
3.455900613325680659e+00,1.158049322607894061e+00,1.001723216707127717e+00,1.001304331870427777e+00,1.001288673729836320e+00,2.303101305541585574e-04,-6.018237662330783166e-06
3.504020831848354778e+00,1.160858602290241404e+00,1.001724385087366498e+00,1.001304970065893807e+00,1.001289284636733168e+00,2.199856208598382741e-04,-6.018295010012941759e-06
3.552811079891478929e+00,1.163694425140633815e+00,1.001725514567235908e+00,1.001305585942462661e+00,1.001289874064374530e+00,2.103890222215759598e-04,-6.018350046765874595e-06
3.602280686996187420e+00,1.166556310057471402e+00,1.001726605519477120e+00,1.001306179800079077e+00,1.001290442310465822e+00,2.011134283986680993e-04,-6.018402868512851001e-06
3.652439112608854010e+00,1.169443748759837032e+00,1.001727658332511650e+00,1.001306751932076633e+00,1.001290989664863851e+00,1.921339326456413920e-04,-6.018453558853664731e-06
3.703295947889879702e+00,1.172356204447595474e+00,1.001728673800657665e+00,1.001307302852938674e+00,1.001291516628728395e+00,1.833489417534420825e-04,-6.018502202831399472e-06
3.754860917547699906e+00,1.175293112097385517e+00,1.001729653070827064e+00,1.001307833237742750e+00,1.001292023853537660e+00,1.745949950997253064e-04,-6.018548882602559047e-06
3.807143881698328958e+00,1.178253875448190158e+00,1.001730596904515158e+00,1.001308343570428638e+00,1.001292511809948049e+00,1.666046729085845590e-04,-6.018593676770933598e-06
3.860154837750762180e+00,1.181237869977020960e+00,1.001731505551338053e+00,1.001308834082303534e+00,1.001292980729652671e+00,1.585498795347729643e-04,-6.018636660387599591e-06
3.913903922318669348e+00,1.184244440714394830e+00,1.001732379736002043e+00,1.001309305236055769e+00,1.001293431062711736e+00,1.508773264863819824e-04,-6.018677903618652181e-06
3.968401413158682001e+00,1.187272900962508482e+00,1.001733220223175902e+00,1.001309757520447041e+00,1.001293863284467900e+00,1.433168834801336637e-04,-6.018717477296320340e-06
4.023657731135696913e+00,1.190322533006059613e+00,1.001734028021604939e+00,1.001310191520938586e+00,1.001294277959217993e+00,1.364342510378227199e-04,-6.018755447367851730e-06
4.079683442215499056e+00,1.193392586571933478e+00,1.001734803903273185e+00,1.001310607706164202e+00,1.001294675540715273e+00,1.295044827532292227e-04,-6.018791877449025662e-06
4.136489259485172987e+00,1.196482280232633366e+00,1.001735548246690755e+00,1.001311006366881973e+00,1.001295056316127363e+00,1.227523920883302885e-04,-6.018826830045398424e-06
4.194086045201637525e+00,1.199590798266345848e+00,1.001736261745704182e+00,1.001311387940292175e+00,1.001295420710103024e+00,1.163608304113951554e-04,-6.018860364664924134e-06
4.252484812868681630e+00,1.202717291992100090e+00,1.001736945395109490e+00,1.001311753010002858e+00,1.001295769285510451e+00,1.102676085090506091e-04,-6.018892536707731722e-06
4.311696729342940237e+00,1.205860878570601313e+00,1.001737600080533364e+00,1.001312102092067224e+00,1.001296102539842581e+00,1.043716831620287723e-04,-6.018923401129860906e-06
4.371733116969209298e+00,1.209020641244432426e+00,1.001738226371832408e+00,1.001312435543764812e+00,1.001296420820081412e+00,9.869769715056417260e-05,-6.018953010444860752e-06
4.432605455745446399e+00,1.212195628183329488e+00,1.001738824917366877e+00,1.001312753775790654e+00,1.001296724525212456e+00,9.324799217441333049e-05,-6.018981415500945786e-06
4.494325385517965898e+00,1.215384852421880435e+00,1.001739396372683721e+00,1.001313057191314471e+00,1.001297014045907430e+00,8.786507796456130689e-05,-6.019008664703839884e-06
4.556904708207165200e+00,1.218587291661066940e+00,1.001739941816658375e+00,1.001313346390284353e+00,1.001297289957631342e+00,8.306741663859371148e-05,-6.019034803794731658e-06
4.620355390064278645e+00,1.221801887145812282e+00,1.001740461887722144e+00,1.001313621769085893e+00,1.001297552644751843e+00,7.822596136516522716e-05,-6.019059877959698213e-06
4.684689563959503644e+00,1.225027544714202943e+00,1.001740957382434294e+00,1.001313883786395076e+00,1.001297802548816618e+00,7.368115871219372529e-05,-6.019083930053348297e-06
4.749919531702028408e+00,1.228263133295246723e+00,1.001741428817464419e+00,1.001314132768117870e+00,1.001298039986368238e+00,6.927264204717411731e-05,-6.019107001264956125e-06
4.816057766392367157e+00,1.231507485475100472e+00,1.001741876997312319e+00,1.001314369171692809e+00,1.001298265397211784e+00,6.511107183960896240e-05,-6.019129131340505978e-06
4.883116914807403397e+00,1.234759396902044726e+00,1.001742302887374869e+00,1.001314593534557984e+00,1.001298479296807153e+00,6.111099010209764231e-05,-6.019150358249625299e-06
4.951109799818692814e+00,1.238017626398825177e+00,1.001742707152871059e+00,1.001314806252781908e+00,1.001298682067607082e+00,5.733417692295858021e-05,-6.019170718407629295e-06
5.020049422844407694e+00,1.241280896100243281e+00,1.001743090347955834e+00,1.001315007657608502e+00,1.001298874029689312e+00,5.367647509274795805e-05,-6.019190247008587846e-06
5.089948966335455793e+00,1.244547891033281894e+00,1.001743453223486124e+00,1.001315198168973852e+00,1.001299055586083009e+00,5.026071098889949923e-05,-6.019208977692258600e-06
5.160821796296159114e+00,1.247817259568702708e+00,1.001743796658140839e+00,1.001315378270658085e+00,1.001299227200248776e+00,4.696650644999749650e-05,-6.019226942877153874e-06
5.232681464840084118e+00,1.251087613500167173e+00,1.001744121355461425e+00,1.001315548366131569e+00,1.001299389260300376e+00,4.390950134891901351e-05,-6.019244173538496057e-06
5.305541712781456809e+00,1.254357528559444157e+00,1.001744427841797958e+00,1.001315708764757728e+00,1.001299542064650216e+00,4.093462464281761849e-05,-6.019260699541284509e-06
5.379416472262610327e+00,1.257625544552655406e+00,1.001744716886587394e+00,1.001315859887669024e+00,1.001299686016507984e+00,3.812916329119107525e-05,-6.019276549751317873e-06
5.454319869418069899e+00,1.260890165890641068e+00,1.001744989242763006e+00,1.001316002150054008e+00,1.001299821513657928e+00,3.548364097628239888e-05,-6.019291751035993343e-06
5.530266227075729901e+00,1.264149862302413663e+00,1.001745245588758770e+00,1.001316135930897966e+00,1.001299948919690763e+00,3.298854279626923874e-05,-6.019306330595775023e-06
5.607270067495596422e+00,1.267403069663850301e+00,1.001745486490183357e+00,1.001316261545120989e+00,1.001300068536713050e+00,3.059313991118600657e-05,-6.019320313410680967e-06
5.685346115146712620e+00,1.270648190711475056e+00,1.001745712610106587e+00,1.001316379358280440e+00,1.001300180714946197e+00,2.834650679372934361e-05,-6.019333723461528507e-06
5.764509299522725172e+00,1.273883596096744064e+00,1.001745924679324551e+00,1.001316489768111717e+00,1.001300285834891390e+00,2.623317457612079953e-05,-6.019346584396068067e-06
5.844774757996683334e+00,1.277107625721271233e+00,1.001746123298950630e+00,1.001316593103942720e+00,1.001300384211882166e+00,2.422746982348966639e-05,-6.019358918751827048e-06
5.926157838715534254e+00,1.280318590016455094e+00,1.001746309053036743e+00,1.001316689682892225e+00,1.001300476149274310e+00,2.233677692683627870e-05,-6.019370747734065219e-06
6.008674103534968225e+00,1.283514771495153584e+00,1.001746482521266080e+00,1.001316779821571190e+00,1.001300561950101864e+00,2.055505200792804318e-05,-6.019382092214975444e-06
6.092339330995138802e+00,1.286694426444680017e+00,1.001746644358151750e+00,1.001316863871530183e+00,1.001300641950205739e+00,1.889275442175407990e-05,-6.019392972067549863e-06
6.177169519337751602e+00,1.289855786941398463e+00,1.001746795122024913e+00,1.001316942134496513e+00,1.001300716438055405e+00,1.730928207540385674e-05,-6.019403405943535290e-06
6.263180889565232334e+00,1.292997063015812076e+00,1.001746935352300305e+00,1.001317014900679148e+00,1.001300785690968365e+00,1.583154894673483100e-05,-6.019413412605700842e-06
6.350389888542451899e+00,1.296116444826285186e+00,1.001747065602180742e+00,1.001317082465826624e+00,1.001300849991348940e+00,1.444347618670751104e-05,-6.019423008818414189e-06
6.438813192141676467e+00,1.299212105677566065e+00,1.001747186418503688e+00,1.001317145121202845e+00,1.001300909617209633e+00,1.313025361603392513e-05,-6.019432212012176819e-06
6.528467708431243466e+00,1.302282204451427505e+00,1.001747298301441491e+00,1.001317203132161104e+00,1.001300964821739248e+00,1.191781047996428100e-05,-6.019441038063177984e-06
6.619370580908700674e+00,1.305324888843616193e+00,1.001747401752163702e+00,1.001317256768333719e+00,1.001301015862551047e+00,1.077620622725531445e-05,-6.019449502403517727e-06
6.711539191778954638e+00,1.308338298873515271e+00,1.001747497245549345e+00,1.001317306278789898e+00,1.001301062977002054e+00,9.685685824928287656e-06,-6.019457620132229181e-06
6.804991165278013732e+00,1.311320570179472345e+00,1.001747585270988283e+00,1.001317351920917975e+00,1.001301106410424913e+00,8.691302575492291984e-06,-6.019465404905055550e-06
6.899744371043066593e+00,1.314269838251937994e+00,1.001747666284416471e+00,1.001317393933845556e+00,1.001301146390680019e+00,7.774567707553949305e-06,-6.019472870821829247e-06
6.995816927529485696e+00,1.317184242506423519e+00,1.001747740677083165e+00,1.001317432527634610e+00,1.001301183118436633e+00,6.847616578052482251e-06,-6.019480030872159659e-06
7.093227205475351127e+00,1.320061930777222781e+00,1.001747808904309700e+00,1.001317467936707617e+00,1.001301216816620876e+00,6.068180430245163665e-06,-6.019486897601566966e-06
7.191993831414278837e+00,1.322901063534108967e+00,1.001747871350088914e+00,1.001317500363834601e+00,1.001301247678584749e+00,5.273207600294804957e-06,-6.019493483222504437e-06
7.292135691237126238e+00,1.325699819720742578e+00,1.001747928414195909e+00,1.001317530016043289e+00,1.001301275901326227e+00,4.538788072991543962e-06,-6.019499798837202320e-06
7.393671933803328322e+00,1.328456401260611264e+00,1.001747980441363373e+00,1.001317557074286269e+00,1.001301301657289367e+00,3.860882830435868261e-06,-6.019505855880957768e-06
7.496621974602446947e+00,1.331169038874025601e+00,1.001748027808806896e+00,1.001317581732997564e+00,1.001301325131385367e+00,3.237915323989689125e-06,-6.019511665011911816e-06
7.601005499466773507e+00,1.333835997750108415e+00,1.001748070836499416e+00,1.001317604159255525e+00,1.001301346482743160e+00,2.602631848106979612e-06,-6.019517236222071688e-06
7.706842468335622698e+00,1.336455583318272966e+00,1.001748109841586354e+00,1.001317624516637528e+00,1.001301365866947402e+00,2.141725198521914067e-06,-6.019522579392422301e-06
7.814153119071973741e+00,1.339026147914956333e+00,1.001748145126930778e+00,1.001317642961677912e+00,1.001301383432914527e+00,1.596527581835909581e-06,-6.019527703848837064e-06
7.922957971332331262e+00,1.341546096270628929e+00,1.001748176989821770e+00,1.001317659647442904e+00,1.001301399326197661e+00,1.096445095691340664e-06,-6.019532618473100172e-06
8.033277830490421323e+00,1.344013893231685408e+00,1.001748205690224713e+00,1.001317674708143368e+00,1.001301413674464458e+00,6.673620706227549346e-07,-6.019537332258018125e-06
8.145133791615574381e+00,1.346428068637846920e+00,1.001748231490832586e+00,1.001317688278409834e+00,1.001301426605673672e+00,2.317477027956707447e-07,-6.019541853086174399e-06
8.258547243506420443e+00,1.348787225017184843e+00,1.001748254628245904e+00,1.001317700479929851e+00,1.001301438235530306e+00,-2.061131786880573812e-07,-6.019546188951174770e-06
8.373539872780819238e+00,1.351090044318144390e+00,1.001748275331193705e+00,1.001317711429723589e+00,1.001301448675236072e+00,-5.451183666417999368e-07,-6.019550347513558108e-06
8.490133668022744828e+00,1.353335293442077258e+00,1.001748293810656998e+00,1.001317721236167024e+00,1.001301458027823443e+00,-8.512220850827214108e-07,-6.019554336100796377e-06
8.608350923986831660e+00,1.355521831319986159e+00,1.001748310266608488e+00,1.001317730001445971e+00,1.001301466390384087e+00,-1.112432671819247266e-06,-6.019558161707294630e-06
8.728214245861545706e+00,1.357648616386190499e+00,1.001748324883233066e+00,1.001317737819443554e+00,1.001301473852100221e+00,-1.524584088836348967e-06,-6.019561830883368714e-06
8.849746553591712583e+00,1.359714710602842880e+00,1.001748337832437663e+00,1.001317744777997509e+00,1.001301480496430640e+00,-1.786115759850325182e-06,-6.019565350179334473e-06
8.972971086261161133e+00,1.361719285431369553e+00,1.001748349275878303e+00,1.001317750959788366e+00,1.001301486401942276e+00,-1.948902253841885642e-06,-6.019568725701418543e-06
9.097911406536463019e+00,1.363661629938625275e+00,1.001748359359706519e+00,1.001317756439002782e+00,1.001301491639076557e+00,-2.302479034859171298e-06,-6.019571963333802955e-06
9.224591405172516190e+00,1.365541152424307070e+00,1.001748368223466468e+00,1.001317761286806940e+00,1.001301496275436964e+00,-2.472650994411930712e-06,-6.019575068516580529e-06
9.353035305580901237e+00,1.367357386173639444e+00,1.001748375989749196e+00,1.001317765565976181e+00,1.001301500370687769e+00,-2.735681580806686237e-06,-6.019578047355977901e-06
9.483267668461767386e+00,1.369109994719623025e+00,1.001748382776923574e+00,1.001317769336278030e+00,1.001301503981545160e+00,-2.845703218480707025e-06,-6.019580904403909472e-06
9.615313396500287269e+00,1.370798772291732082e+00,1.001748388689113423e+00,1.001317772651084015e+00,1.001301507158739224e+00,-3.014373776081069998e-06,-6.019583644767401154e-06
9.749197739128511841e+00,1.372423650156485042e+00,1.001748393823936434e+00,1.001317775559987133e+00,1.001301509949364732e+00,-3.238441379272357574e-06,-6.019586273442456559e-06
9.884946297353444322e+00,1.373984694709559973e+00,1.001748398268311524e+00,1.001317778107274181e+00,1.001301512395490922e+00,-3.399420608058788128e-06,-6.019588794980990087e-06
1.002258502865243450e+01,1.375482109942805620e+00,1.001748402102703661e+00,1.001317780333938146e+00,1.001301514536058423e+00,-3.563749012364860066e-06,-6.019591213490826931e-06
1.016214025193667148e+01,1.376916238598085540e+00,1.001748405399895958e+00,1.001317782277122426e+00,1.001301516406356340e+00,-3.723696773672060999e-06,-6.019593533412859188e-06
1.030363865258386902e+01,1.378287559453463373e+00,1.001748408223531950e+00,1.001317783969359221e+00,1.001301518037301719e+00,-3.854420982592715523e-06,-6.019595758854912049e-06
1.044710728754090212e+01,1.379596686984214227e+00,1.001748410633397812e+00,1.001317785441030006e+00,1.001301519457747036e+00,-3.864665159122153121e-06,-6.019597893591743798e-06
1.059257359049759373e+01,1.380844368688866286e+00,1.001748412681171541e+00,1.001317786718735281e+00,1.001301520692990721e+00,-4.035382125440204505e-06,-6.019599941176068114e-06
1.074006537713255227e+01,1.382031481275093787e+00,1.001748414414032506e+00,1.001317787826643047e+00,1.001301521766005731e+00,-4.101678946343653668e-06,-6.019601905271620979e-06
1.088961085043193577e+01,1.383159025309478984e+00,1.001748415873440878e+00,1.001317788785945018e+00,1.001301522696932178e+00,-4.125591999341642512e-06,-6.019603789542138372e-06
1.104123860608239838e+01,1.384228121113517673e+00,1.001748417096283816e+00,1.001317789615743026e+00,1.001301523503949076e+00,-4.150810636481605325e-06,-6.019605597096244765e-06
1.119497763793909861e+01,1.385240002553944416e+00,1.001748418115704142e+00,1.001317790333073665e+00,1.001301524203257243e+00,-4.203754694973571695e-06,-6.019607331042564624e-06
1.135085734356977483e+01,1.386196009027258702e+00,1.001748418959816034e+00,1.001317790952471087e+00,1.001301524808687837e+00,-4.263836742965248495e-06,-6.019608994156655513e-06
1.150890752987610277e+01,1.387097579365602629e+00,1.001748419654138855e+00,1.001317791487254194e+00,1.001301525332927378e+00,-4.189041396907638012e-06,-6.019610589658164201e-06
1.166915841879327687e+01,1.387946240857009350e+00,1.001748420220990088e+00,1.001317791949024150e+00,1.001301525787021030e+00,-4.241945947103211718e-06,-6.019612120211625950e-06
1.183164065306900881e+01,1.388743603660507420e+00,1.001748420679223539e+00,1.001317792347654834e+00,1.001301526180379486e+00,-4.133949168685720587e-06,-6.019613588481576016e-06
1.199638530212289211e+01,1.389491348248391933e+00,1.001748421045813853e+00,1.001317792692100195e+00,1.001301526521539920e+00,-4.032704185516941442e-06,-6.019614996910505056e-06
1.216342386798743114e+01,1.390191218168931542e+00,1.001748421335081796e+00,1.001317792989920852e+00,1.001301526817714782e+00,-4.053827872866415113e-06,-6.019616348162948327e-06
1.233278829133183230e+01,1.390845009191873149e+00,1.001748421559468305e+00,1.001317793247755272e+00,1.001301527075241449e+00,-4.079300132019597916e-06,-6.019617644348329577e-06
1.250451095756952391e+01,1.391454557508355450e+00,1.001748421729854011e+00,1.001317793471457884e+00,1.001301527299715444e+00,-3.801983217852808208e-06,-6.019618887909139460e-06
1.267862470305087186e+01,1.392021731202093049e+00,1.001748421855211291e+00,1.001317793665864153e+00,1.001301527495757293e+00,-3.576604472280957342e-06,-6.019620080621734814e-06
1.285516282134201838e+01,1.392548422599952263e+00,1.001748421943397860e+00,1.001317793835281966e+00,1.001301527667492586e+00,-3.484808043138920315e-06,-6.019621225039628598e-06
1.303415906959125437e+01,1.393036535839860868e+00,1.001748422001105032e+00,1.001317793983390381e+00,1.001301527818444281e+00,-3.697306690496521471e-06,-6.019622322828155347e-06
1.321564767498388804e+01,1.393487975875591589e+00,1.001748422033875707e+00,1.001317794113287585e+00,1.001301527951583559e+00,-3.559210337553155995e-06,-6.019623375985716507e-06
1.339966334128711267e+01,1.393904640220787305e+00,1.001748422046471632e+00,1.001317794227678082e+00,1.001301528069509228e+00,-3.472148012048502232e-06,-6.019624386288668916e-06
1.358624125548601036e+01,1.394288411322402776e+00,1.001748422042861186e+00,1.001317794328831168e+00,1.001301528174402211e+00,-3.295098238147309379e-06,-6.019625355624391716e-06
1.377541709451183749e+01,1.394641147850761653e+00,1.001748422026319307e+00,1.001317794418660867e+00,1.001301528268105923e+00,-3.184041679236592844e-06,-6.019626285436174840e-06
1.396722703206411786e+01,1.394964677677946963e+00,1.001748421999638206e+00,1.001317794498835179e+00,1.001301528352230186e+00,-3.375597658147877235e-06,-6.019627177389352823e-06
1.416170774552766254e+01,1.395260789445813110e+00,1.001748421965101610e+00,1.001317794570739661e+00,1.001301528428113485e+00,-3.106174495983345034e-06,-6.019628033149260204e-06
1.435889642298596769e+01,1.395531226946693515e+00,1.001748421924588017e+00,1.001317794635548042e+00,1.001301528496892246e+00,-2.848892426660206915e-06,-6.019628854270209217e-06
1.455883077033214512e+01,1.395777684323202372e+00,1.001748421879661288e+00,1.001317794694266849e+00,1.001301528559543685e+00,-2.934988790180924600e-06,-6.019629641751400584e-06
1.476154901847898238e+01,1.396001801047484836e+00,1.001748421831569313e+00,1.001317794747720313e+00,1.001301528616869607e+00,-2.782908110760496729e-06,-6.019630397369191144e-06
1.496708993066939541e+01,1.396205155386820662e+00,1.001748421781355702e+00,1.001317794796628524e+00,1.001301528669572560e+00,-2.606167973559710374e-06,-6.019631122344826224e-06
1.517549280988855465e+01,1.396389263181503360e+00,1.001748421729845129e+00,1.001317794841586561e+00,1.001301528718234524e+00,-2.518838775490946303e-06,-6.019631817677506547e-06
1.538679750637932386e+01,1.396555576635772900e+00,1.001748421677699508e+00,1.001317794883094470e+00,1.001301528763346216e+00,-2.473179208443967509e-06,-6.019632484810522044e-06
1.560104442526238522e+01,1.396705478045637605e+00,1.001748421625460406e+00,1.001317794921585236e+00,1.001301528805334629e+00,-2.305742371579796882e-06,-6.019633124854095740e-06
1.581827453426229013e+01,1.396840280133796908e+00,1.001748421573536385e+00,1.001317794957411245e+00,1.001301528844547484e+00,-2.089650124484362239e-06,-6.019633738696406056e-06
1.603852937154126224e+01,1.396961228798825339e+00,1.001748421522256960e+00,1.001317794990879806e+00,1.001301528881290093e+00,-1.975671404758337606e-06,-6.019634327780742922e-06
1.626185105364199046e+01,1.397069498396947385e+00,1.001748421471874151e+00,1.001317795022249157e+00,1.001301528915820027e+00,-2.086467617726365487e-06,-6.019634892884262456e-06
1.648828228354110337e+01,1.397166193390248390e+00,1.001748421422575808e+00,1.001317795051736237e+00,1.001301528948354669e+00,-1.944729068356485441e-06,-6.019635435006165380e-06
1.671786635881461436e+01,1.397252348371842645e+00,1.001748421374502263e+00,1.001317795079528894e+00,1.001301528979082089e+00,-1.756034954848948466e-06,-6.019635955145652417e-06
1.695064717991722247e+01,1.397328930626639432e+00,1.001748421327752769e+00,1.001317795105785668e+00,1.001301529008164160e+00,-1.643010396752638325e-06,-6.019636454190901986e-06
1.718666925857689520e+01,1.397396841075212226e+00,1.001748421282395718e+00,1.001317795130644228e+00,1.001301529035739879e+00,-1.451392464806447118e-06,-6.019636932808047902e-06
1.742597772630617214e+01,1.397456916626756751e+00,1.001748421238472631e+00,1.001317795154222035e+00,1.001301529061930262e+00,-1.360622861180872205e-06,-6.019637391996290887e-06
1.766861834303217194e+01,1.397509931620616985e+00,1.001748421196004157e+00,1.001317795176620562e+00,1.001301529086839004e+00,-1.228154494453948084e-06,-6.019637832532787058e-06
1.791463750584663472e+01,1.397556601308659330e+00,1.001748421154995627e+00,1.001317795197929517e+00,1.001301529110559807e+00,-1.215952426285597585e-06,-6.019638255305714836e-06
1.816408225787793285e+01,1.397597582367108293e+00,1.001748421115440379e+00,1.001317795218226170e+00,1.001301529133172608e+00,-6.508178845277514490e-07,-6.019638660870185731e-06
1.841700029728641752e+01,1.397633475802750436e+00,1.001748421077321538e+00,1.001317795237579800e+00,1.001301529154750236e+00,-6.536119422569074136e-07,-6.019639049892333560e-06
1.867343998638519409e+01,1.397664835261731131e+00,1.001748421040613790e+00,1.001317795256050358e+00,1.001301529175355753e+00,-5.841443669544611271e-07,-6.019639423149314439e-06
1.893345036088788547e+01,1.397692162943265259e+00,1.001748421005287382e+00,1.001317795273692690e+00,1.001301529195047113e+00,-5.274782789086996022e-07,-6.019639781085217578e-06
1.919708113928500381e+01,1.397715915283603394e+00,1.001748420971307896e+00,1.001317795290554979e+00,1.001301529213876051e+00,-5.074477121531309238e-07,-6.019640124477199095e-06
1.946438273235103722e+01,1.397736508268172972e+00,1.001748420938638029e+00,1.001317795306681413e+00,1.001301529231890308e+00,-7.423691767455897123e-07,-6.019640454213437408e-06
1.973540625278392113e+01,1.397754312660831166e+00,1.001748420907238923e+00,1.001317795322111737e+00,1.001301529249131628e+00,-6.571279600341788583e-07,-6.019640770293932519e-06
2.001020352497857147e+01,1.397769664041637050e+00,1.001748420877070611e+00,1.001317795336881700e+00,1.001301529265639312e+00,-2.071413756160032275e-07,-6.019641073495840544e-06
2.028882709493666070e+01,1.397782862626382849e+00,1.001748420848092680e+00,1.001317795351024609e+00,1.001301529281449998e+00,-2.916110640702956848e-07,-6.019641364485295298e-06
2.057133024031430324e+01,1.397794180819185383e+00,1.001748420820263608e+00,1.001317795364571550e+00,1.001301529296596993e+00,-2.299972261580838143e-07,-6.019641643706385992e-06
2.085776698060973899e+01,1.397803859133011972e+00,1.001748420793542538e+00,1.001317795377550945e+00,1.001301529311111382e+00,-2.072754965205386788e-07,-6.019641911381157229e-06
2.114819208749268853e+01,1.397812111537005686e+00,1.001748420767889058e+00,1.001317795389989440e+00,1.001301529325022699e+00,-1.369671421159612693e-07,-6.019642168397787430e-06
2.144266109527767838e+01,1.397819128127652633e+00,1.001748420743263646e+00,1.001317795401911237e+00,1.001301529338357588e+00,-1.216571365859982833e-07,-6.019642414978321199e-06
2.174123031154326569e+01,1.397825076516296949e+00,1.001748420719627664e+00,1.001317795413340317e+00,1.001301529351142250e+00,-1.029757045315646515e-07,-6.019642651344803141e-06
2.204395682789886024e+01,1.397830104475043189e+00,1.001748420696943143e+00,1.001317795424297774e+00,1.001301529363400444e+00,-9.354214529867206388e-08,-6.019642878163367072e-06
2.235089853090174117e+01,1.397834341777124845e+00,1.001748420675173223e+00,1.001317795434804481e+00,1.001301529375155264e+00,-4.312748425766122375e-08,-6.019643095878102201e-06
2.266211411312591295e+01,1.397837901940540029e+00,1.001748420654282379e+00,1.001317795444880199e+00,1.001301529386428024e+00,-4.286103975702958041e-08,-6.019643304711053133e-06
2.297766308438523808e+01,1.397840883314935834e+00,1.001748420634236414e+00,1.001317795454543136e+00,1.001301529397239154e+00,1.275100766393232295e-07,-6.019643504995286776e-06
2.329760578311261199e+01,1.397843372807850537e+00,1.001748420615001578e+00,1.001317795463810389e+00,1.001301529407608415e+00,1.156666770605937251e-07,-6.019643697063870036e-06
2.362200338789777021e+01,1.397845445066233205e+00,1.001748420596545674e+00,1.001317795472699057e+00,1.001301529417554459e+00,9.671203108942936072e-08,-6.019643881471914426e-06
2.395091792918578477e+01,1.397847164448049906e+00,1.001748420578837617e+00,1.001317795481225126e+00,1.001301529427094383e+00,1.291510068508662923e-08,-6.019644058219419946e-06
2.428441230113821092e+01,1.397848586911275115e+00,1.001748420561847430e+00,1.001317795489403473e+00,1.001301529436245508e+00,-1.343217760425309914e-07,-6.019644227972520412e-06
2.462255027365960558e+01,1.397849760573725009e+00,1.001748420545546026e+00,1.001317795497248531e+00,1.001301529445024041e+00,-8.132152010117137321e-08,-6.019644390842238124e-06
2.496539650459152782e+01,1.397850724856771754e+00,1.001748420529905870e+00,1.001317795504774066e+00,1.001301529453445305e+00,-1.600651307242761078e-07,-6.019644547050617689e-06
2.531301655207607482e+01,1.397851514201355005e+00,1.001748420514900761e+00,1.001317795511993403e+00,1.001301529461523510e+00,-6.318514043979289789e-08,-6.019644696819703711e-06
2.566547688709184172e+01,1.397852158276620127e+00,1.001748420500504944e+00,1.001317795518918752e+00,1.001301529469273088e+00,-3.427161485748127085e-08,-6.019644840482563097e-06
2.602284490616427348e+01,1.397852682070267694e+00,1.001748420486693547e+00,1.001317795525562326e+00,1.001301529476707364e+00,-3.860595027980763197e-08,-6.019644978483285058e-06
2.638518894425315864e+01,1.397853106487436214e+00,1.001748420473443257e+00,1.001317795531935673e+00,1.001301529483839436e+00,-4.031222657876852364e-08,-6.019645110710847291e-06
2.675257828781928993e+01,1.397853449285337613e+00,1.001748420460730760e+00,1.001317795538049893e+00,1.001301529490681075e+00,-7.604677466334737421e-08,-6.019645237609339006e-06
2.712508318807331520e+01,1.397853725750105136e+00,1.001748420448534738e+00,1.001317795543915423e+00,1.001301529497245157e+00,-1.362570202270404253e-07,-6.019645359289782505e-06
2.750277487440908430e+01,1.397853947151601606e+00,1.001748420436834097e+00,1.001317795549542700e+00,1.001301529503542120e+00,-3.924870664585614564e-08,-6.019645476196266998e-06
2.788572556802376567e+01,1.397854124101385542e+00,1.001748420425609076e+00,1.001317795554941048e+00,1.001301529509583288e+00,-8.856096769335416561e-08,-6.019645588328792485e-06
2.827400849572790520e+01,1.397854264818553460e+00,1.001748420414839691e+00,1.001317795560120238e+00,1.001301529515378652e+00,-2.262007503191496479e-08,-6.019645695798381269e-06
2.866769790394759809e+01,1.397854376401698406e+00,1.001748420404507955e+00,1.001317795565088486e+00,1.001301529520938649e+00,-5.746518514577462315e-08,-6.019645798827077954e-06
2.906686907292182909e+01,1.397854464469860503e+00,1.001748420394596328e+00,1.001317795569854896e+00,1.001301529526272605e+00,-1.464046330284934888e-08,-6.019645897858971750e-06
2.947159833109715166e+01,1.397854533759546491e+00,1.001748420385087268e+00,1.001317795574427905e+00,1.001301529531389622e+00,-3.641268218499066004e-08,-6.019645992783040356e-06
2.988196306972313465e+01,1.397854588007157783e+00,1.001748420375964566e+00,1.001317795578814840e+00,1.001301529536298807e+00,-1.069936547869610668e-08,-6.019646083932350678e-06
3.029804175765097085e+01,1.397854630360122030e+00,1.001748420367212455e+00,1.001317795583023695e+00,1.001301529541008595e+00,-2.243681960545311845e-08,-6.019646171306902716e-06
3.071991395633791555e+01,1.397854663292295685e+00,1.001748420358816283e+00,1.001317795587061354e+00,1.001301529545526980e+00,-4.588018846444880306e-08,-6.019646255017718772e-06
3.114766033506090182e+01,1.397854689370641834e+00,1.001748420350760060e+00,1.001317795590935145e+00,1.001301529549861957e+00,-1.397199043038678344e-07,-6.019646335619910360e-06
3.158136268634200761e+01,1.397854710082228280e+00,1.001748420343030910e+00,1.001317795594652171e+00,1.001301529554021519e+00,-1.537088262694857499e-07,-6.019646412669388269e-06
3.202110394158839313e+01,1.397854725742305737e+00,1.001748420335616396e+00,1.001317795598217764e+00,1.001301529558011438e+00,-1.192451049377853014e-08,-6.019646486721264012e-06
3.246696818695038900e+01,1.397854737419274240e+00,1.001748420328503197e+00,1.001317795601638139e+00,1.001301529561839043e+00,-5.472596219243291968e-08,-6.019646557775537588e-06
3.291904067940010492e+01,1.397854746650472268e+00,1.001748420321678656e+00,1.001317795604919958e+00,1.001301529565511217e+00,-7.718681329589135745e-08,-6.019646625832208997e-06
3.337740786303422169e+01,1.397854753674194095e+00,1.001748420315131671e+00,1.001317795608068328e+00,1.001301529569034621e+00,-1.958785937591008978e-08,-6.019646691224345147e-06
3.384215738560340014e+01,1.397854758721871704e+00,1.001748420308851140e+00,1.001317795611088357e+00,1.001301529572414362e+00,-1.990608257978922435e-08,-6.019646753951946039e-06
3.431337811527210135e+01,1.397854762659929806e+00,1.001748420302825293e+00,1.001317795613986261e+00,1.001301529575656657e+00,-3.297089710302210422e-08,-6.019646814126033973e-06
3.479116015761187697e+01,1.397854765643435915e+00,1.001748420297044584e+00,1.001317795616766260e+00,1.001301529578767724e+00,-1.217801788315974987e-08,-6.019646871857631254e-06
3.527559487283088657e+01,1.397854767748577531e+00,1.001748420291498798e+00,1.001317795619432793e+00,1.001301529581752003e+00,-7.971371301556899444e-09,-6.019646927146737880e-06
3.576677489324369219e+01,1.397854769366335459e+00,1.001748420286178387e+00,1.001317795621991191e+00,1.001301529584614824e+00,-1.380406917605586051e-08,-6.019646980326420760e-06
3.626479414098409393e+01,1.397854770574809891e+00,1.001748420281074026e+00,1.001317795624445894e+00,1.001301529587361738e+00,-5.680596444860932940e-08,-6.019647031285657590e-06
3.676974784596481527e+01,1.397854771456757739e+00,1.001748420276176388e+00,1.001317795626801122e+00,1.001301529589997408e+00,7.541584270667140317e-09,-6.019647080024448371e-06
3.728173256408688729e+01,1.397854772057545159e+00,1.001748420271479700e+00,1.001317795629059759e+00,1.001301529592524497e+00,-4.186604433683363803e-09,-6.019647126986882313e-06
3.780084619570293825e+01,1.397854772519909972e+00,1.001748420266972861e+00,1.001317795631226915e+00,1.001301529594949669e+00,-1.122411526459732166e-09,-6.019647171839892508e-06
3.832718800433752193e+01,1.397854772869272288e+00,1.001748420262650763e+00,1.001317795633305252e+00,1.001301529597275586e+00,-8.493424521769011450e-09,-6.019647215138590468e-06
3.886085863566783871e+01,1.397854773175040810e+00,1.001748420258507188e+00,1.001317795635297880e+00,1.001301529599505358e+00,-1.242600911892169644e-08,-6.019647256438886984e-06
3.940196013676903419e+01,1.397854773430737829e+00,1.001748420254535032e+00,1.001317795637207908e+00,1.001301529601642759e+00,-1.261737967238691619e-08,-6.019647296073848963e-06
3.995059597562734410e+01,1.397854773629431779e+00,1.001748420250725857e+00,1.001317795639039554e+00,1.001301529603692675e+00,-9.753011567610171579e-09,-6.019647334154498708e-06
4.050687106092507861e+01,1.397854773763719916e+00,1.001748420247070337e+00,1.001317795640797703e+00,1.001301529605659768e+00,-4.325424565571511604e-09,-6.019647370569813916e-06
4.107089176210078563e+01,1.397854773829233288e+00,1.001748420243558702e+00,1.001317795642486130e+00,1.001301529607549368e+00,8.431235791041887330e-10,-6.019647405874906099e-06
4.164276592968900559e+01,1.397854773855930155e+00,1.001748420240192505e+00,1.001317795644104613e+00,1.001301529609360808e+00,2.606450581444763511e-09,-6.019647439292619140e-06
4.222260291594331960e+01,1.397854773860173427e+00,1.001748420236967529e+00,1.001317795645655595e+00,1.001301529611096308e+00,3.595845496159253548e-09,-6.019647471489086854e-06
4.281051359574613713e+01,1.397854773852326371e+00,1.001748420233876002e+00,1.001317795647142406e+00,1.001301529612760088e+00,3.524866034826188122e-09,-6.019647502464309241e-06
4.340661038781002645e+01,1.397854773843675513e+00,1.001748420230908820e+00,1.001317795648569042e+00,1.001301529614356811e+00,2.145132935475277259e-09,-6.019647531996241696e-06
4.401100727617423303e+01,1.397854773845847554e+00,1.001748420228056435e+00,1.001317795649940834e+00,1.001301529615891583e+00,7.367864470311188644e-11,-6.019647560528973429e-06
4.462381983200015867e+01,1.397854773850234711e+00,1.001748420225319736e+00,1.001317795651256892e+00,1.001301529617364405e+00,3.676012560817314452e-10,-6.019647587951482137e-06
4.524516523567074699e+01,1.397854773850919941e+00,1.001748420222697167e+00,1.001317795652517884e+00,1.001301529618775499e+00,5.335299965427716608e-10,-6.019647614041723216e-06
4.587516229919730648e+01,1.397854773849666721e+00,1.001748420220182956e+00,1.001317795653727138e+00,1.001301529620128195e+00,5.193252695479832524e-10,-6.019647639021741270e-06
4.651393148893860285e+01,1.397854773848395737e+00,1.001748420217769997e+00,1.001317795654887322e+00,1.001301529621426933e+00,2.814754761918831476e-10,-6.019647663224603207e-06
4.716159494863587298e+01,1.397854773848877352e+00,1.001748420215450963e+00,1.001317795656002430e+00,1.001301529622674602e+00,2.119180258625452985e-11,-6.019647686317242119e-06
4.781827652276890461e+01,1.397854773849352528e+00,1.001748420213226964e+00,1.001317795657071796e+00,1.001301529623871422e+00,6.325275624347660916e-11,-6.019647708521702612e-06
4.848410178023745232e+01,1.397854773849323440e+00,1.001748420211095558e+00,1.001317795658096976e+00,1.001301529625018505e+00,8.160965523950336512e-11,-6.019647729837984684e-06
4.915919803837186919e+01,1.397854773849090293e+00,1.001748420209050972e+00,1.001317795659079968e+00,1.001301529626118736e+00,6.755245890850193973e-11,-6.019647750266088337e-06
4.984369438727857471e+01,1.397854773848980159e+00,1.001748420207088319e+00,1.001317795660023879e+00,1.001301529627175224e+00,1.432245799032643050e-11,-6.019647769694991268e-06
5.053772171452423123e+01,1.397854773849140475e+00,1.001748420205202050e+00,1.001317795660930932e+00,1.001301529628189968e+00,-8.053378115921781523e-12,-6.019647788790827292e-06
